id,genero_cliente,alias,tipo_servicio,genero_preferencia,tiempo_minutos,valor_total,medio_pago,Fecha_Ingreso
1,Femenino,Candy,Acompañamiento,Masculino,45,352968,Tarjeta,2023-01-30
2,Masculino,Tormenta,Masaje,Femenino,90,454947,Transferencia,2023-11-22
3,Femenino,Sirena,Acompañamiento,Masculino,90,163102,Transferencia,2023-06-29
4,No binario,Bombón,Acompañamiento,Masculino,120,450107,Transferencia,2023-09-18
5,Masculino,El Negro,Baile privado,Femenino,60,443406,Cripto,2023-10-20
6,Masculino,El Negro,Acompañamiento,Masculino,90,81897,Transferencia,2023-07-04
7,Masculino,El Flaco,Acompañamiento,Cualquiera,60,408211,Tarjeta,2023-07-04
8,Masculino,El Negro,Acompañamiento,Cualquiera,30,62433,Transferencia,2023-08-23
9,Femenino,La Leona,Acompañamiento,Cualquiera,30,203619,Cripto,2023-03-13
10,Masculino,El Tigre,Masaje,Cualquiera,90,250630,Cripto,2023-06-26
11,Masculino,El Flaco,Masaje,Femenino,45,130640,Cripto,2023-01-10
12,No binario,Bombón,Servicio premium,Masculino,30,207008,Transferencia,2023-10-17
13,Masculino,El Vato,Acompañamiento,Femenino,60,465933,Tarjeta,2023-12-20
14,Femenino,Poker,Baile privado,Masculino,60,293261,Cripto,2023-10-17
15,Femenino,La Reina,Masaje,Cualquiera,30,414547,Efectivo,2023-08-16
16,Masculino,El Búho,Servicio premium,Femenino,45,275717,Transferencia,2023-09-03
17,Femenino,Candy,Masaje,Cualquiera,60,241821,Cripto,2023-07-08
18,Masculino,El Vato,Baile privado,Masculino,45,449000,Cripto,2023-06-06
19,Femenino,La Reina,Acompañamiento,Cualquiera,45,477898,Cripto,2023-02-28
20,Femenino,La Reina,Baile privado,Femenino,90,338832,Cripto,2023-03-09
21,Femenino,Diamante,Baile privado,Masculino,120,301667,Tarjeta,2023-09-20
22,Masculino,El Mister,Masaje,Cualquiera,45,146455,Tarjeta,2023-01-12
23,Femenino,La Coneja,Servicio premium,Cualquiera,30,125710,Transferencia,2023-05-04
24,Femenino,Cupcake,Servicio premium,Cualquiera,60,163845,Cripto,2023-01-12
25,Masculino,El Veneno,Acompañamiento,Femenino,120,297556,Cripto,2023-12-03
26,Masculino,El Papi,Masaje,Masculino,45,213178,Transferencia,2023-02-28
27,No binario,Bombón,Masaje,Masculino,45,277655,Transferencia,2023-08-20
28,Femenino,La Chispa,Acompañamiento,Femenino,30,149411,Transferencia,2023-05-04
29,Femenino,Cupcake,Baile privado,Cualquiera,30,109845,Cripto,2023-05-12
30,Femenino,Pecado,Baile privado,Femenino,60,339487,Cripto,2023-05-06
31,Masculino,El Búho,Masaje,Masculino,45,138124,Transferencia,2023-07-22
32,No binario,Sombra,Servicio premium,Femenino,45,454460,Cripto,2023-03-29
33,Femenino,Cupcake,Masaje,Femenino,45,391089,Efectivo,2023-01-27
34,Masculino,El Búho,Masaje,Femenino,120,331653,Tarjeta,2023-11-11
35,Masculino,Rayo,Baile privado,Femenino,60,129776,Transferencia,2023-01-15
36,Femenino,La Diabla,Masaje,Femenino,30,66855,Efectivo,2023-08-12
37,Masculino,El Vato,Acompañamiento,Masculino,45,85078,Tarjeta,2023-09-05
38,Masculino,El Tigre,Servicio premium,Femenino,45,82002,Cripto,2023-12-27
39,Femenino,La Leona,Baile privado,Cualquiera,90,338168,Tarjeta,2023-12-17
40,Masculino,Rayo,Baile privado,Femenino,60,477141,Efectivo,2023-06-13
41,Femenino,La Leona,Baile privado,Femenino,90,312421,Tarjeta,2023-05-10
42,Femenino,Sirena,Baile privado,Masculino,90,272987,Tarjeta,2023-06-07
43,Femenino,La Diabla,Servicio premium,Femenino,120,209939,Cripto,2023-06-07
44,Masculino,El Lobo,Servicio premium,Masculino,60,238934,Tarjeta,2023-07-24
45,Masculino,El Mono,Baile privado,Cualquiera,30,51007,Tarjeta,2023-04-08
46,No binario,Chocolate,Masaje,Masculino,120,121883,Efectivo,2023-04-11
47,Masculino,El Gallito,Acompañamiento,Masculino,30,351358,Efectivo,2023-01-31
48,Femenino,La Fiera,Baile privado,Femenino,45,301152,Cripto,2023-05-03
49,Femenino,Rubí,Acompañamiento,Femenino,120,455439,Transferencia,2023-03-07
50,Femenino,La Chispa,Acompañamiento,Femenino,120,239188,Cripto,2023-06-22
51,Masculino,El Lobo,Acompañamiento,Femenino,60,195171,Tarjeta,2023-05-07
52,Femenino,Sirena,Baile privado,Cualquiera,30,151413,Cripto,2023-10-23
53,Femenino,La Tremenda,Masaje,Femenino,90,281026,Transferencia,2023-06-09
54,Femenino,La Pantera,Servicio premium,Femenino,60,158862,Efectivo,2023-12-16
55,Masculino,El Bravo,Masaje,Cualquiera,45,76865,Tarjeta,2023-12-24
56,No binario,Chocolate,Baile privado,Masculino,120,259594,Cripto,2023-08-09
57,Masculino,El Lobo,Baile privado,Cualquiera,120,120863,Tarjeta,2023-11-28
58,Masculino,El Duende,Masaje,Femenino,30,397884,Cripto,2023-09-26
59,No binario,Sombra,Servicio premium,Masculino,60,175782,Efectivo,2023-05-06
60,Femenino,La Mamba,Servicio premium,Femenino,30,233418,Transferencia,2023-05-14
61,No binario,Sombra,Baile privado,Masculino,60,158362,Efectivo,2023-07-30
62,Femenino,Rubí,Servicio premium,Cualquiera,120,77436,Tarjeta,2023-05-26
63,Masculino,El Bravo,Servicio premium,Cualquiera,60,240602,Efectivo,2023-08-25
64,Femenino,La Fiera,Masaje,Cualquiera,60,480726,Cripto,2023-06-26
65,Femenino,Dulce,Servicio premium,Masculino,45,337648,Transferencia,2023-08-08
66,Femenino,Gata Salvaje,Masaje,Cualquiera,45,464706,Cripto,2023-05-24
67,Masculino,El Bravo,Masaje,Femenino,45,71374,Transferencia,2023-05-22
68,Masculino,El Lobo,Masaje,Femenino,30,321112,Efectivo,2023-07-30
69,Masculino,Shadow,Baile privado,Cualquiera,60,273682,Tarjeta,2023-09-10
70,Femenino,Gata Salvaje,Servicio premium,Femenino,90,140847,Efectivo,2023-03-08
71,Masculino,Fantasma,Servicio premium,Cualquiera,45,174232,Transferencia,2023-05-12
72,Masculino,El Mister,Masaje,Femenino,120,225768,Transferencia,2023-03-18
73,Femenino,Poker,Servicio premium,Masculino,120,137932,Cripto,2023-07-03
74,Masculino,El Papi,Baile privado,Masculino,45,178094,Efectivo,2023-09-20
75,Masculino,El Vato,Baile privado,Femenino,45,170225,Transferencia,2023-04-08
76,Masculino,El Bravo,Acompañamiento,Masculino,120,253951,Transferencia,2023-05-01
77,Femenino,La Reina,Baile privado,Cualquiera,60,174510,Transferencia,2023-10-29
78,Masculino,El Vato,Masaje,Femenino,90,310699,Transferencia,2023-12-19
79,Femenino,Rubí,Acompañamiento,Cualquiera,120,154203,Efectivo,2023-05-29
80,Femenino,La Mamba,Acompañamiento,Femenino,90,233204,Efectivo,2023-06-27
81,Masculino,El Gallito,Servicio premium,Cualquiera,90,348246,Efectivo,2023-06-30
82,Masculino,El Tigre,Baile privado,Masculino,120,122764,Cripto,2023-01-23
83,Masculino,El Mister,Masaje,Cualquiera,120,337773,Cripto,2023-05-24
84,Femenino,Rubí,Baile privado,Cualquiera,60,296140,Efectivo,2023-06-20
85,Femenino,Luz Negra,Acompañamiento,Femenino,90,263937,Tarjeta,2023-10-30
86,Masculino,El Papi,Baile privado,Cualquiera,30,129459,Tarjeta,2023-12-10
87,Femenino,Diamante,Baile privado,Cualquiera,120,378948,Cripto,2023-12-28
88,Femenino,La Chispa,Baile privado,Cualquiera,30,369869,Efectivo,2023-07-29
89,Masculino,El Veneno,Baile privado,Femenino,90,376908,Transferencia,2023-10-15
90,Femenino,Cupcake,Baile privado,Masculino,120,458503,Tarjeta,2023-02-02
91,Masculino,El Búho,Masaje,Cualquiera,90,298326,Tarjeta,2023-07-24
92,Femenino,Poker,Masaje,Cualquiera,30,349071,Cripto,2023-07-22
93,Femenino,Candy,Masaje,Masculino,90,63831,Efectivo,2023-11-22
94,Femenino,La Diabla,Masaje,Masculino,30,477126,Cripto,2023-09-04
95,No binario,Bombón,Baile privado,Masculino,90,411754,Cripto,2023-01-13
96,Masculino,Shadow,Masaje,Masculino,30,334471,Cripto,2023-06-15
97,Femenino,Pecado,Servicio premium,Femenino,120,163823,Cripto,2023-03-03
98,Masculino,El Flaco,Acompañamiento,Femenino,60,255266,Transferencia,2023-11-02
99,No binario,Bombón,Masaje,Masculino,120,141118,Cripto,2023-06-23
100,Femenino,La Mamba,Masaje,Femenino,60,149679,Cripto,2023-01-26
101,Femenino,La Tremenda,Servicio premium,Femenino,120,295046,Transferencia,2023-06-17
102,Masculino,El Rey,Baile privado,Femenino,30,320541,Transferencia,2023-06-03
103,No binario,Bombón,Acompañamiento,Masculino,30,171548,Transferencia,2023-06-24
104,Masculino,El Veneno,Acompañamiento,Femenino,60,160598,Tarjeta,2023-05-13
105,Femenino,Luz Negra,Masaje,Cualquiera,60,321711,Cripto,2023-04-22
106,Masculino,El Rey,Acompañamiento,Masculino,60,241578,Transferencia,2023-06-15
107,Masculino,El Lobo,Servicio premium,Femenino,60,313886,Efectivo,2023-04-24
108,Femenino,La Fiera,Acompañamiento,Masculino,30,81059,Transferencia,2023-11-27
109,Femenino,Dulce,Masaje,Cualquiera,45,226407,Efectivo,2023-12-17
110,Femenino,Gata Salvaje,Masaje,Femenino,60,316132,Efectivo,2023-12-14
111,Femenino,Poker,Acompañamiento,Cualquiera,45,336273,Cripto,2023-11-19
112,Masculino,El Vato,Masaje,Masculino,90,273450,Cripto,2023-03-25
113,Masculino,El Vato,Acompañamiento,Masculino,90,141092,Efectivo,2023-03-13
114,Masculino,El Veneno,Servicio premium,Cualquiera,30,417926,Tarjeta,2023-11-07
115,Masculino,Tormenta,Acompañamiento,Masculino,120,140835,Transferencia,2023-03-06
116,Masculino,El Papi,Baile privado,Femenino,90,326439,Cripto,2023-02-10
117,Femenino,La Diabla,Masaje,Femenino,120,114293,Efectivo,2023-09-09
118,Masculino,El Duende,Servicio premium,Femenino,90,179424,Efectivo,2023-08-11
119,Femenino,La Chispa,Acompañamiento,Femenino,30,326471,Efectivo,2023-02-14
120,Femenino,Luz Negra,Masaje,Cualquiera,60,355635,Efectivo,2023-07-17
121,Femenino,Diamante,Baile privado,Femenino,45,414807,Cripto,2023-11-11
122,Masculino,Fantasma,Servicio premium,Cualquiera,120,72736,Transferencia,2023-03-10
123,Masculino,El Duende,Baile privado,Masculino,30,282388,Cripto,2023-05-15
124,Femenino,Sirena,Servicio premium,Masculino,30,363716,Cripto,2023-10-13
125,No binario,Chocolate,Acompañamiento,Cualquiera,60,490335,Cripto,2023-03-02
126,Masculino,El Rulo,Masaje,Masculino,60,74683,Cripto,2023-05-15
127,Masculino,El Duende,Masaje,Cualquiera,120,167903,Transferencia,2023-10-25
128,Masculino,El Gallito,Acompañamiento,Cualquiera,90,134946,Transferencia,2023-11-13
129,Femenino,Poker,Acompañamiento,Femenino,60,424804,Cripto,2023-05-30
130,Masculino,El Tigre,Baile privado,Cualquiera,30,190052,Transferencia,2023-08-30
131,Femenino,Luz Negra,Servicio premium,Femenino,120,219699,Transferencia,2023-12-21
132,Femenino,Rubí,Acompañamiento,Femenino,90,425798,Cripto,2023-07-05
133,Femenino,La Diabla,Masaje,Femenino,90,262410,Tarjeta,2023-03-28
134,Femenino,La Diabla,Acompañamiento,Cualquiera,90,308784,Cripto,2023-06-05
135,Femenino,La Leona,Acompañamiento,Cualquiera,120,143879,Tarjeta,2023-10-07
136,Masculino,El Tigre,Masaje,Cualquiera,45,306059,Transferencia,2023-10-25
137,No binario,Chocolate,Acompañamiento,Femenino,60,51240,Transferencia,2023-04-15
138,Femenino,Pecado,Servicio premium,Masculino,30,409405,Transferencia,2023-03-08
139,Femenino,La Tremenda,Baile privado,Cualquiera,45,462569,Transferencia,2023-03-24
140,Masculino,El Tigre,Acompañamiento,Femenino,90,333017,Tarjeta,2023-09-15
141,Masculino,El Rulo,Acompañamiento,Masculino,30,330586,Cripto,2023-08-06
142,Femenino,Gata Salvaje,Servicio premium,Masculino,45,142455,Tarjeta,2023-06-09
143,Masculino,El Rulo,Servicio premium,Cualquiera,90,470345,Transferencia,2023-08-06
144,Femenino,La Pantera,Acompañamiento,Cualquiera,30,286436,Transferencia,2023-08-14
145,Femenino,La Coneja,Acompañamiento,Masculino,60,261154,Efectivo,2023-05-04
146,Masculino,El Mister,Acompañamiento,Femenino,120,466715,Transferencia,2023-08-17
147,Masculino,El Búho,Baile privado,Masculino,45,189164,Tarjeta,2023-02-18
148,Femenino,Rubí,Baile privado,Masculino,120,361138,Efectivo,2023-10-12
149,Femenino,Rubí,Baile privado,Masculino,120,206968,Tarjeta,2023-01-11
150,Femenino,Luz Negra,Acompañamiento,Femenino,45,378661,Tarjeta,2023-08-04
151,Femenino,Luz Negra,Servicio premium,Masculino,45,244940,Transferencia,2023-07-24
152,No binario,Sombra,Baile privado,Femenino,90,465955,Cripto,2023-12-09
153,Masculino,El Veneno,Acompañamiento,Cualquiera,60,93781,Cripto,2023-09-08
154,Femenino,Candy,Acompañamiento,Femenino,120,405466,Efectivo,2023-03-04
155,No binario,Sombra,Baile privado,Cualquiera,120,494592,Transferencia,2023-07-30
156,Masculino,Shadow,Acompañamiento,Cualquiera,90,135692,Efectivo,2023-05-02
157,Femenino,Diamante,Baile privado,Masculino,60,423187,Tarjeta,2023-01-30
158,Masculino,El Duende,Masaje,Cualquiera,120,245301,Efectivo,2023-07-04
159,Masculino,El Negro,Acompañamiento,Cualquiera,90,317130,Cripto,2023-05-04
160,Masculino,El Bravo,Masaje,Masculino,45,428299,Cripto,2023-09-23
161,Masculino,El Mister,Servicio premium,Masculino,90,402356,Transferencia,2023-08-28
162,Masculino,El Rulo,Masaje,Cualquiera,120,402929,Efectivo,2023-08-28
163,Femenino,Pecado,Acompañamiento,Cualquiera,60,266062,Tarjeta,2023-01-30
164,Femenino,La Mamba,Servicio premium,Cualquiera,45,212892,Transferencia,2023-09-27
165,Femenino,La Mamba,Servicio premium,Masculino,30,86819,Tarjeta,2023-10-04
166,Femenino,Gata Salvaje,Baile privado,Masculino,90,194006,Efectivo,2023-05-26
167,Masculino,El Veneno,Acompañamiento,Masculino,60,150584,Cripto,2023-03-22
168,Femenino,Rubí,Baile privado,Masculino,45,370654,Efectivo,2023-12-27
169,Masculino,El Bravo,Servicio premium,Femenino,45,216441,Transferencia,2023-10-09
170,Masculino,El Mono,Acompañamiento,Cualquiera,30,308126,Efectivo,2023-02-20
171,No binario,Bombón,Servicio premium,Cualquiera,30,364534,Cripto,2023-04-24
172,Femenino,Sirena,Acompañamiento,Masculino,45,224901,Efectivo,2023-10-02
173,Femenino,Cupcake,Acompañamiento,Cualquiera,120,127520,Cripto,2023-02-10
174,No binario,Sombra,Acompañamiento,Masculino,30,208568,Efectivo,2023-07-24
175,Masculino,El Gallito,Acompañamiento,Femenino,90,352558,Cripto,2023-01-05
176,Masculino,El Rulo,Acompañamiento,Masculino,45,312924,Tarjeta,2023-10-14
177,Masculino,El Mister,Acompañamiento,Masculino,45,460201,Cripto,2023-06-07
178,Masculino,El Papi,Masaje,Masculino,30,183837,Cripto,2023-03-15
179,Femenino,Sirena,Baile privado,Femenino,90,264588,Efectivo,2023-05-21
180,Masculino,Rayo,Baile privado,Femenino,90,252425,Cripto,2023-10-08
181,Masculino,Rayo,Masaje,Masculino,30,386307,Efectivo,2023-04-16
182,Masculino,El Veneno,Servicio premium,Femenino,90,106206,Efectivo,2023-05-06
183,Femenino,La Tremenda,Masaje,Cualquiera,30,426259,Efectivo,2023-06-19
184,Masculino,El Mister,Masaje,Cualquiera,90,157056,Efectivo,2023-05-31
185,No binario,Chocolate,Baile privado,Femenino,120,398086,Transferencia,2023-11-19
186,Masculino,Shadow,Masaje,Femenino,90,378585,Tarjeta,2023-09-14
187,Femenino,La Fiera,Masaje,Femenino,45,473958,Transferencia,2023-07-28
188,No binario,Bombón,Baile privado,Masculino,120,220401,Cripto,2023-06-03
189,Masculino,El Veneno,Baile privado,Masculino,45,255410,Efectivo,2023-10-23
190,Masculino,El Vato,Acompañamiento,Femenino,45,288520,Transferencia,2023-02-12
191,Femenino,Poker,Baile privado,Masculino,45,446624,Cripto,2023-12-16
192,Femenino,La Coneja,Servicio premium,Cualquiera,60,454622,Tarjeta,2023-07-04
193,Femenino,Rubí,Servicio premium,Femenino,120,109039,Efectivo,2023-02-28
194,Femenino,Luz Negra,Masaje,Cualquiera,45,130531,Tarjeta,2023-11-02
195,Masculino,El Mister,Baile privado,Cualquiera,30,126842,Tarjeta,2023-09-18
196,Femenino,Dulce,Baile privado,Masculino,90,470383,Tarjeta,2023-10-30
197,No binario,Chocolate,Acompañamiento,Masculino,90,381849,Transferencia,2023-05-14
198,Femenino,La Tremenda,Acompañamiento,Cualquiera,45,143211,Efectivo,2023-01-28
199,Masculino,Fantasma,Servicio premium,Masculino,45,168515,Tarjeta,2023-02-01
200,Femenino,Gata Salvaje,Acompañamiento,Femenino,120,314509,Tarjeta,2023-07-04
201,No binario,Sombra,Baile privado,Masculino,90,429022,Transferencia,2023-06-21
202,Femenino,Poker,Servicio premium,Cualquiera,60,391557,Efectivo,2023-03-03
203,Masculino,El Flaco,Servicio premium,Masculino,90,81602,Tarjeta,2023-03-27
204,No binario,Chocolate,Masaje,Masculino,90,309175,Tarjeta,2023-08-04
205,Masculino,El Bravo,Masaje,Masculino,45,116219,Efectivo,2023-04-17
206,Masculino,El Tigre,Servicio premium,Masculino,60,361807,Transferencia,2023-05-03
207,Masculino,El Rulo,Acompañamiento,Masculino,30,239963,Tarjeta,2023-09-15
208,Masculino,El Lobo,Masaje,Masculino,45,68249,Transferencia,2023-06-05
209,Masculino,El Vato,Baile privado,Masculino,60,109848,Efectivo,2023-02-18
210,Femenino,La Fiera,Acompañamiento,Femenino,45,402031,Efectivo,2023-06-08
211,Masculino,El Bravo,Acompañamiento,Masculino,120,188547,Tarjeta,2023-08-29
212,Masculino,El Rey,Servicio premium,Cualquiera,45,296330,Cripto,2023-07-11
213,Masculino,El Flaco,Baile privado,Cualquiera,120,320991,Efectivo,2023-09-01
214,Femenino,La Mamba,Servicio premium,Femenino,60,171904,Cripto,2023-04-28
215,Masculino,El Mono,Baile privado,Femenino,30,412213,Cripto,2023-12-18
216,Masculino,El Rey,Servicio premium,Femenino,60,260947,Tarjeta,2023-08-08
217,Masculino,El Mono,Acompañamiento,Cualquiera,120,344041,Efectivo,2023-11-02
218,Femenino,Poker,Masaje,Masculino,30,125899,Cripto,2023-01-05
219,Masculino,El Flaco,Acompañamiento,Cualquiera,30,340624,Tarjeta,2023-04-08
220,Femenino,La Tremenda,Acompañamiento,Cualquiera,90,152000,Tarjeta,2023-06-11
221,Masculino,El Búho,Acompañamiento,Cualquiera,30,480876,Efectivo,2023-07-27
222,Masculino,El Flaco,Baile privado,Cualquiera,60,110484,Efectivo,2023-07-03
223,Masculino,El Duende,Masaje,Masculino,120,409099,Transferencia,2023-03-21
224,Masculino,El Gallito,Servicio premium,Femenino,45,498211,Efectivo,2023-01-17
225,Masculino,El Lobo,Acompañamiento,Cualquiera,90,203421,Transferencia,2023-05-12
226,Masculino,Rayo,Baile privado,Femenino,60,397108,Transferencia,2023-06-08
227,Masculino,El Bravo,Masaje,Masculino,30,237758,Tarjeta,2023-11-15
228,Masculino,El Tigre,Servicio premium,Masculino,30,86973,Cripto,2023-11-21
229,Femenino,Diamante,Servicio premium,Femenino,120,318420,Tarjeta,2023-12-03
230,Femenino,Diamante,Masaje,Cualquiera,120,253845,Tarjeta,2023-03-24
231,Masculino,El Bravo,Acompañamiento,Masculino,120,360338,Tarjeta,2023-08-10
232,Femenino,La Tremenda,Masaje,Cualquiera,45,229017,Tarjeta,2023-08-16
233,Masculino,El Rey,Acompañamiento,Femenino,45,86139,Tarjeta,2023-07-05
234,Masculino,El Búho,Masaje,Femenino,60,220583,Cripto,2023-03-04
235,Masculino,El Bravo,Masaje,Femenino,60,421562,Efectivo,2023-04-12
236,Masculino,El Gallito,Masaje,Femenino,120,366499,Cripto,2023-06-12
237,Femenino,Rubí,Masaje,Masculino,45,66713,Cripto,2023-05-28
238,Femenino,La Fiera,Servicio premium,Masculino,60,282526,Cripto,2023-04-12
239,Femenino,Poker,Baile privado,Masculino,90,105556,Cripto,2023-05-17
240,Femenino,La Diabla,Acompañamiento,Cualquiera,60,134552,Cripto,2023-01-20
241,No binario,Bombón,Acompañamiento,Cualquiera,30,193400,Tarjeta,2023-08-10
242,Masculino,El Mono,Acompañamiento,Femenino,45,455601,Efectivo,2023-02-28
243,Femenino,La Leona,Acompañamiento,Femenino,90,129756,Cripto,2023-09-26
244,Femenino,Sirena,Masaje,Masculino,90,208226,Cripto,2023-01-06
245,Femenino,La Mamba,Servicio premium,Cualquiera,60,319238,Efectivo,2023-08-24
246,Femenino,La Diabla,Baile privado,Masculino,120,135539,Tarjeta,2023-02-09
247,Femenino,La Chispa,Masaje,Femenino,30,197731,Transferencia,2023-02-18
248,Femenino,Rubí,Baile privado,Cualquiera,60,438341,Transferencia,2023-07-24
249,Masculino,El Flaco,Servicio premium,Cualquiera,60,310071,Cripto,2023-09-20
250,No binario,Sombra,Baile privado,Cualquiera,60,225135,Tarjeta,2023-11-09
251,Femenino,La Mamba,Baile privado,Cualquiera,120,121659,Tarjeta,2023-04-01
252,No binario,Sombra,Masaje,Femenino,90,477657,Transferencia,2023-05-12
253,Femenino,La Reina,Servicio premium,Cualquiera,90,177814,Efectivo,2023-03-14
254,Masculino,El Gallito,Masaje,Cualquiera,60,103277,Cripto,2023-10-16
255,Femenino,La Fiera,Servicio premium,Cualquiera,90,364784,Efectivo,2023-12-17
256,Masculino,El Veneno,Acompañamiento,Cualquiera,60,69558,Efectivo,2023-06-25
257,Masculino,Tormenta,Acompañamiento,Masculino,90,352310,Cripto,2023-10-06
258,Masculino,Rayo,Servicio premium,Femenino,45,491429,Cripto,2023-07-16
259,Masculino,El Gallito,Masaje,Femenino,90,262702,Cripto,2023-02-01
260,Masculino,El Rulo,Servicio premium,Cualquiera,120,407078,Efectivo,2023-12-29
261,Femenino,La Reina,Masaje,Cualquiera,90,319140,Efectivo,2023-04-26
262,No binario,Sombra,Acompañamiento,Cualquiera,30,160291,Tarjeta,2023-08-12
263,Masculino,El Búho,Servicio premium,Femenino,45,478683,Tarjeta,2023-06-23
264,Femenino,Poker,Baile privado,Cualquiera,60,460836,Cripto,2023-06-26
265,Masculino,Fantasma,Masaje,Femenino,90,152506,Efectivo,2023-05-17
266,No binario,Sombra,Baile privado,Femenino,45,89136,Transferencia,2023-06-23
267,Masculino,El Rulo,Baile privado,Cualquiera,120,54063,Cripto,2023-04-07
268,Femenino,Dulce,Acompañamiento,Femenino,90,459298,Tarjeta,2023-03-07
269,No binario,Sombra,Masaje,Femenino,60,308813,Cripto,2023-12-10
270,Masculino,Rayo,Acompañamiento,Masculino,60,490732,Efectivo,2023-11-20
271,Masculino,Rayo,Servicio premium,Cualquiera,90,255657,Transferencia,2023-06-02
272,Masculino,Tormenta,Acompañamiento,Masculino,90,412660,Transferencia,2023-09-20
273,Femenino,La Fiera,Baile privado,Masculino,60,56033,Transferencia,2023-06-22
274,Masculino,El Lobo,Baile privado,Cualquiera,60,202927,Efectivo,2023-01-05
275,Femenino,Gata Salvaje,Masaje,Cualquiera,45,236517,Transferencia,2023-09-27
276,Masculino,Shadow,Servicio premium,Masculino,120,136794,Tarjeta,2023-08-28
277,Masculino,El Gallito,Acompañamiento,Femenino,90,289293,Transferencia,2023-11-11
278,Femenino,La Chispa,Acompañamiento,Femenino,90,339063,Cripto,2023-04-13
279,Femenino,Cupcake,Servicio premium,Masculino,90,202822,Tarjeta,2023-11-21
280,Masculino,El Tigre,Servicio premium,Cualquiera,120,105258,Transferencia,2023-06-02
281,Masculino,El Rey,Baile privado,Masculino,45,282804,Transferencia,2023-07-07
282,Femenino,La Reina,Baile privado,Masculino,45,370327,Transferencia,2023-09-22
283,Masculino,El Mister,Servicio premium,Femenino,30,398260,Transferencia,2023-09-03
284,Masculino,El Papi,Baile privado,Cualquiera,60,111395,Transferencia,2023-08-12
285,Masculino,El Rulo,Masaje,Cualquiera,30,293708,Tarjeta,2023-07-27
286,Masculino,Rayo,Acompañamiento,Masculino,90,312267,Efectivo,2023-02-01
287,Masculino,El Mister,Masaje,Femenino,120,59901,Transferencia,2023-08-06
288,Masculino,El Búho,Acompañamiento,Femenino,45,404316,Efectivo,2023-08-21
289,Femenino,La Diabla,Masaje,Masculino,120,88648,Transferencia,2023-02-02
290,Femenino,Luz Negra,Acompañamiento,Masculino,30,212732,Efectivo,2023-04-17
291,Masculino,Tormenta,Baile privado,Femenino,30,211555,Transferencia,2023-11-05
292,Femenino,Cupcake,Baile privado,Femenino,60,126372,Efectivo,2023-05-03
293,Femenino,La Diabla,Baile privado,Masculino,90,302735,Transferencia,2023-03-29
294,Masculino,El Rey,Masaje,Femenino,45,81460,Transferencia,2023-10-05
295,Femenino,Luz Negra,Masaje,Masculino,30,452089,Efectivo,2023-03-13
296,Masculino,El Vato,Masaje,Cualquiera,90,265871,Tarjeta,2023-06-21
297,Femenino,Gata Salvaje,Acompañamiento,Femenino,120,128110,Cripto,2023-05-24
298,Femenino,Dulce,Masaje,Masculino,45,381382,Efectivo,2023-09-02
299,Masculino,El Lobo,Baile privado,Femenino,90,230787,Efectivo,2023-09-15
300,Femenino,La Fiera,Masaje,Femenino,45,292414,Transferencia,2023-06-26
301,Masculino,El Negro,Baile privado,Cualquiera,45,460507,Efectivo,2023-06-21
302,Masculino,Tormenta,Masaje,Cualquiera,60,74117,Efectivo,2023-10-15
303,Femenino,La Fiera,Acompañamiento,Masculino,45,191471,Tarjeta,2023-04-29
304,No binario,Chocolate,Masaje,Cualquiera,45,243482,Cripto,2023-03-23
305,Femenino,Candy,Baile privado,Femenino,45,357291,Tarjeta,2023-11-07
306,Femenino,Gata Salvaje,Acompañamiento,Femenino,30,67092,Transferencia,2023-11-05
307,Masculino,El Mister,Servicio premium,Femenino,30,253658,Cripto,2023-05-24
308,Masculino,Rayo,Baile privado,Cualquiera,60,466404,Tarjeta,2023-02-28
309,Masculino,Tormenta,Baile privado,Cualquiera,45,269875,Cripto,2023-05-07
310,Masculino,El Duende,Acompañamiento,Cualquiera,90,245031,Efectivo,2023-05-21
311,Masculino,Fantasma,Masaje,Cualquiera,90,114328,Efectivo,2023-06-23
312,Masculino,El Lobo,Baile privado,Cualquiera,30,312989,Tarjeta,2023-09-03
313,Femenino,Diamante,Baile privado,Cualquiera,45,308944,Tarjeta,2023-05-25
314,Masculino,Rayo,Servicio premium,Cualquiera,60,98886,Tarjeta,2023-08-22
315,Femenino,Rubí,Servicio premium,Masculino,90,159821,Cripto,2023-09-17
316,Femenino,Dulce,Masaje,Femenino,60,378998,Tarjeta,2023-01-10
317,No binario,Chocolate,Servicio premium,Masculino,45,208296,Transferencia,2023-11-28
318,Femenino,La Tremenda,Acompañamiento,Masculino,45,265677,Tarjeta,2023-07-23
319,No binario,Sombra,Servicio premium,Femenino,45,465919,Tarjeta,2023-02-26
320,Femenino,Candy,Baile privado,Masculino,90,195157,Tarjeta,2023-11-26
321,Masculino,El Veneno,Acompañamiento,Femenino,45,125210,Tarjeta,2023-07-10
322,No binario,Sombra,Servicio premium,Femenino,90,71191,Transferencia,2023-10-16
323,Masculino,El Mono,Acompañamiento,Femenino,30,371650,Tarjeta,2023-12-20
324,Masculino,Shadow,Baile privado,Cualquiera,90,206125,Tarjeta,2023-10-01
325,Masculino,El Mister,Servicio premium,Cualquiera,90,301961,Cripto,2023-04-10
326,Masculino,El Rulo,Acompañamiento,Masculino,30,99809,Efectivo,2023-02-05
327,Masculino,Rayo,Masaje,Cualquiera,30,213246,Transferencia,2023-08-09
328,Masculino,El Negro,Baile privado,Masculino,120,282997,Cripto,2023-05-06
329,No binario,Sombra,Baile privado,Cualquiera,120,317991,Tarjeta,2023-02-27
330,Femenino,La Pantera,Masaje,Cualquiera,30,218172,Transferencia,2023-05-15
331,Masculino,El Bravo,Baile privado,Masculino,120,476839,Tarjeta,2023-11-01
332,Masculino,El Negro,Servicio premium,Masculino,45,154521,Cripto,2023-12-03
333,Masculino,El Rey,Servicio premium,Femenino,60,346707,Transferencia,2023-02-07
334,Masculino,El Papi,Acompañamiento,Cualquiera,90,214274,Efectivo,2023-04-09
335,Femenino,La Reina,Acompañamiento,Cualquiera,30,215183,Transferencia,2023-07-19
336,Masculino,Shadow,Baile privado,Femenino,60,116108,Transferencia,2023-05-13
337,Femenino,Pecado,Masaje,Femenino,30,242436,Tarjeta,2023-01-11
338,Masculino,El Rulo,Baile privado,Cualquiera,30,228525,Transferencia,2023-07-14
339,Femenino,Diamante,Acompañamiento,Cualquiera,45,192209,Cripto,2023-06-24
340,Masculino,El Rulo,Acompañamiento,Masculino,90,292070,Transferencia,2023-10-01
341,Masculino,El Rulo,Acompañamiento,Masculino,90,219816,Transferencia,2023-10-03
342,Masculino,El Flaco,Servicio premium,Femenino,90,346368,Cripto,2023-11-25
343,Femenino,Poker,Baile privado,Femenino,60,333682,Efectivo,2023-12-23
344,Femenino,La Diabla,Baile privado,Femenino,30,454374,Transferencia,2023-02-21
345,Masculino,Tormenta,Servicio premium,Masculino,90,116801,Cripto,2023-08-01
346,Masculino,El Vato,Baile privado,Femenino,30,208503,Cripto,2023-07-31
347,Femenino,La Chispa,Masaje,Cualquiera,45,75791,Cripto,2023-07-19
348,No binario,Sombra,Masaje,Cualquiera,60,291226,Efectivo,2023-10-17
349,No binario,Chocolate,Servicio premium,Femenino,60,335422,Tarjeta,2023-09-17
350,Femenino,Candy,Acompañamiento,Masculino,30,220200,Transferencia,2023-04-28
351,Masculino,El Vato,Acompañamiento,Masculino,60,363489,Efectivo,2023-06-03
352,Femenino,La Reina,Baile privado,Masculino,30,486103,Efectivo,2023-08-04
353,No binario,Sombra,Masaje,Masculino,60,400619,Transferencia,2023-08-24
354,Masculino,El Bravo,Acompañamiento,Cualquiera,90,434982,Efectivo,2023-05-27
355,Femenino,Sirena,Servicio premium,Cualquiera,45,352333,Tarjeta,2023-08-12
356,Masculino,Tormenta,Servicio premium,Cualquiera,90,120402,Cripto,2023-07-30
357,Femenino,Dulce,Masaje,Femenino,60,333698,Cripto,2023-09-30
358,No binario,Sombra,Masaje,Femenino,30,284512,Cripto,2023-06-13
359,Femenino,La Pantera,Baile privado,Masculino,45,403835,Tarjeta,2023-08-31
360,Femenino,Gata Salvaje,Acompañamiento,Cualquiera,30,285343,Efectivo,2023-04-09
361,Masculino,El Papi,Servicio premium,Masculino,60,51931,Tarjeta,2023-06-11
362,Femenino,La Chispa,Masaje,Femenino,90,486941,Transferencia,2023-08-02
363,Masculino,El Rulo,Servicio premium,Masculino,90,232541,Efectivo,2023-03-02
364,Femenino,Rubí,Baile privado,Masculino,60,309934,Transferencia,2023-03-24
365,Femenino,La Pantera,Masaje,Femenino,60,269136,Tarjeta,2023-10-05
366,Masculino,El Vato,Servicio premium,Femenino,60,227562,Efectivo,2023-05-29
367,No binario,Sombra,Baile privado,Masculino,90,163372,Efectivo,2023-07-13
368,Femenino,Luz Negra,Servicio premium,Cualquiera,45,383388,Efectivo,2023-03-26
369,Femenino,Gata Salvaje,Servicio premium,Cualquiera,120,125870,Tarjeta,2023-06-01
370,Masculino,El Rey,Acompañamiento,Femenino,90,109736,Efectivo,2023-09-09
371,Masculino,El Gallito,Masaje,Femenino,60,269190,Transferencia,2023-03-09
372,Masculino,El Tigre,Acompañamiento,Cualquiera,45,278425,Efectivo,2023-06-13
373,Femenino,Dulce,Servicio premium,Masculino,30,172100,Cripto,2023-01-02
374,Masculino,El Rey,Servicio premium,Masculino,90,326536,Transferencia,2023-10-22
375,Masculino,Fantasma,Acompañamiento,Femenino,90,417797,Efectivo,2023-07-26
376,Masculino,El Tigre,Baile privado,Cualquiera,45,309879,Tarjeta,2023-04-16
377,Masculino,El Gallito,Servicio premium,Cualquiera,60,167479,Transferencia,2023-08-15
378,Femenino,Rubí,Servicio premium,Cualquiera,90,227170,Cripto,2023-08-10
379,Masculino,El Duende,Baile privado,Cualquiera,90,190224,Cripto,2023-10-07
380,Femenino,Sirena,Acompañamiento,Masculino,90,188702,Transferencia,2023-12-14
381,Masculino,Rayo,Baile privado,Cualquiera,90,285332,Cripto,2023-06-23
382,Femenino,Dulce,Acompañamiento,Cualquiera,30,188170,Cripto,2023-07-27
383,Masculino,El Mono,Baile privado,Masculino,30,298370,Transferencia,2023-01-18
384,Femenino,Poker,Servicio premium,Masculino,30,260869,Tarjeta,2023-01-14
385,Masculino,El Rey,Masaje,Cualquiera,45,411467,Transferencia,2023-03-04
386,Masculino,El Tigre,Masaje,Femenino,60,287483,Transferencia,2023-01-21
387,Femenino,Candy,Servicio premium,Femenino,120,363135,Tarjeta,2023-02-25
388,Masculino,El Rulo,Servicio premium,Masculino,90,290434,Transferencia,2023-10-29
389,Femenino,La Chispa,Baile privado,Femenino,120,423935,Cripto,2023-11-26
390,Femenino,Gata Salvaje,Masaje,Masculino,45,229031,Cripto,2023-12-21
391,Masculino,Rayo,Acompañamiento,Femenino,45,499009,Cripto,2023-09-18
392,Masculino,El Veneno,Servicio premium,Femenino,120,254126,Tarjeta,2023-12-22
393,Femenino,Rubí,Acompañamiento,Cualquiera,120,252934,Transferencia,2023-03-07
394,Masculino,El Vato,Servicio premium,Femenino,45,190746,Tarjeta,2023-12-13
395,Femenino,Diamante,Baile privado,Cualquiera,45,77659,Efectivo,2023-07-09
396,Masculino,Tormenta,Servicio premium,Femenino,30,239814,Transferencia,2023-12-18
397,Masculino,El Negro,Masaje,Cualquiera,45,81796,Efectivo,2023-05-11
398,Masculino,El Flaco,Servicio premium,Masculino,45,65528,Tarjeta,2023-07-06
399,Masculino,El Mono,Acompañamiento,Masculino,60,410718,Transferencia,2023-06-08
400,Masculino,El Tigre,Servicio premium,Masculino,30,442559,Transferencia,2023-08-22
401,Masculino,Shadow,Baile privado,Cualquiera,45,273654,Tarjeta,2023-12-03
402,Masculino,El Rulo,Baile privado,Femenino,60,73523,Transferencia,2023-11-09
403,Masculino,El Veneno,Acompañamiento,Femenino,120,479325,Tarjeta,2023-05-03
404,Masculino,Fantasma,Baile privado,Cualquiera,45,335358,Efectivo,2023-09-18
405,Masculino,El Mister,Masaje,Femenino,90,177805,Tarjeta,2023-05-18
406,Masculino,El Veneno,Masaje,Masculino,30,230357,Transferencia,2023-03-02
407,Masculino,El Gallito,Baile privado,Masculino,90,380106,Efectivo,2023-12-02
408,Femenino,Gata Salvaje,Baile privado,Masculino,60,296461,Transferencia,2023-01-09
409,Masculino,El Duende,Masaje,Cualquiera,45,491486,Efectivo,2023-06-29
410,Femenino,La Reina,Acompañamiento,Cualquiera,120,192925,Transferencia,2023-05-15
411,Masculino,El Duende,Baile privado,Masculino,30,191505,Efectivo,2023-01-10
412,Femenino,La Diabla,Masaje,Masculino,120,484140,Cripto,2023-11-04
413,Femenino,Poker,Servicio premium,Masculino,30,145308,Efectivo,2023-03-28
414,Femenino,Pecado,Acompañamiento,Cualquiera,60,116445,Cripto,2023-03-06
415,Femenino,Candy,Masaje,Femenino,60,251832,Cripto,2023-11-21
416,Masculino,El Rey,Baile privado,Masculino,90,170197,Transferencia,2023-01-18
417,Masculino,El Tigre,Acompañamiento,Masculino,90,461542,Efectivo,2023-10-19
418,Masculino,El Lobo,Baile privado,Femenino,30,199289,Transferencia,2023-05-12
419,Femenino,La Diabla,Acompañamiento,Masculino,90,352479,Cripto,2023-06-03
420,Femenino,Poker,Baile privado,Femenino,30,175807,Tarjeta,2023-01-27
421,Masculino,Rayo,Servicio premium,Masculino,60,276416,Efectivo,2023-12-30
422,Femenino,Luz Negra,Masaje,Masculino,120,162158,Transferencia,2023-02-18
423,Masculino,El Papi,Acompañamiento,Femenino,45,422654,Efectivo,2023-10-24
424,Masculino,El Flaco,Acompañamiento,Cualquiera,120,356915,Tarjeta,2023-09-01
425,Femenino,Pecado,Servicio premium,Masculino,30,103596,Efectivo,2023-10-27
426,No binario,Bombón,Acompañamiento,Femenino,90,197616,Tarjeta,2023-01-10
427,Masculino,El Búho,Acompañamiento,Femenino,30,184034,Tarjeta,2023-09-10
428,Masculino,Rayo,Masaje,Masculino,90,170221,Transferencia,2023-05-31
429,Femenino,Sirena,Masaje,Masculino,30,257875,Cripto,2023-11-30
430,Masculino,El Gallito,Acompañamiento,Femenino,90,228048,Cripto,2023-06-11
431,Femenino,Rubí,Baile privado,Masculino,60,402690,Transferencia,2023-03-26
432,Femenino,Sirena,Masaje,Cualquiera,30,211647,Efectivo,2023-02-03
433,Masculino,El Mono,Masaje,Femenino,30,265109,Transferencia,2023-04-01
434,No binario,Chocolate,Servicio premium,Cualquiera,120,98936,Cripto,2023-08-22
435,Masculino,El Flaco,Acompañamiento,Masculino,45,147773,Cripto,2023-10-13
436,Masculino,Tormenta,Acompañamiento,Femenino,90,265987,Cripto,2023-01-23
437,Femenino,La Chispa,Servicio premium,Cualquiera,120,249985,Efectivo,2023-12-10
438,Masculino,El Tigre,Acompañamiento,Cualquiera,90,431448,Cripto,2023-07-11
439,Femenino,La Fiera,Servicio premium,Masculino,45,232595,Efectivo,2023-10-19
440,Masculino,Tormenta,Masaje,Masculino,45,425105,Cripto,2023-04-25
441,Femenino,La Fiera,Baile privado,Masculino,90,398917,Efectivo,2023-08-09
442,Masculino,El Negro,Servicio premium,Femenino,45,159730,Cripto,2023-03-21
443,Masculino,Shadow,Servicio premium,Masculino,30,184306,Cripto,2023-08-07
444,Masculino,Tormenta,Servicio premium,Cualquiera,60,440741,Tarjeta,2023-09-18
445,Masculino,El Tigre,Servicio premium,Femenino,60,271094,Efectivo,2023-05-07
446,Femenino,Diamante,Acompañamiento,Cualquiera,90,162642,Transferencia,2023-03-19
447,No binario,Sombra,Baile privado,Femenino,90,374653,Efectivo,2023-06-18
448,Masculino,El Bravo,Servicio premium,Cualquiera,60,134666,Tarjeta,2023-01-12
449,Masculino,El Tigre,Baile privado,Femenino,60,220897,Transferencia,2023-05-25
450,Masculino,El Gallito,Servicio premium,Cualquiera,120,206065,Efectivo,2023-08-24
451,Femenino,Gata Salvaje,Acompañamiento,Cualquiera,30,53420,Cripto,2023-11-26
452,Femenino,La Pantera,Baile privado,Cualquiera,30,380376,Cripto,2023-07-26
453,Femenino,Gata Salvaje,Baile privado,Cualquiera,30,234297,Tarjeta,2023-05-19
454,Femenino,La Chispa,Masaje,Masculino,60,96764,Tarjeta,2023-03-10
455,Femenino,La Leona,Servicio premium,Femenino,120,183637,Tarjeta,2023-11-04
456,Femenino,Dulce,Acompañamiento,Cualquiera,60,310204,Efectivo,2023-07-22
457,Masculino,Rayo,Baile privado,Femenino,120,441689,Cripto,2023-11-09
458,Masculino,El Búho,Baile privado,Cualquiera,90,447609,Tarjeta,2023-02-28
459,Femenino,Pecado,Servicio premium,Masculino,90,382466,Cripto,2023-10-07
460,Masculino,Fantasma,Acompañamiento,Masculino,30,421913,Tarjeta,2023-11-09
461,No binario,Chocolate,Servicio premium,Cualquiera,60,388765,Efectivo,2023-09-05
462,Masculino,Rayo,Baile privado,Masculino,120,441200,Cripto,2023-01-06
463,Masculino,El Mister,Masaje,Femenino,45,212639,Cripto,2023-04-27
464,Femenino,Cupcake,Acompañamiento,Masculino,60,72015,Cripto,2023-01-27
465,Femenino,Poker,Masaje,Cualquiera,90,427282,Efectivo,2023-05-06
466,Femenino,La Diabla,Acompañamiento,Femenino,45,257273,Transferencia,2023-05-19
467,Masculino,El Mono,Masaje,Masculino,60,89373,Efectivo,2023-11-07
468,Femenino,Dulce,Acompañamiento,Masculino,90,445852,Efectivo,2023-06-06
469,No binario,Bombón,Masaje,Masculino,30,190665,Tarjeta,2023-10-20
470,Masculino,El Mister,Masaje,Cualquiera,90,386304,Tarjeta,2023-07-26
471,Femenino,Diamante,Servicio premium,Femenino,120,177963,Transferencia,2023-04-11
472,Masculino,Tormenta,Baile privado,Cualquiera,120,213469,Efectivo,2023-08-03
473,Masculino,El Rey,Baile privado,Masculino,60,403099,Tarjeta,2023-09-17
474,Femenino,Poker,Servicio premium,Femenino,120,150865,Transferencia,2023-12-22
475,Femenino,Cupcake,Acompañamiento,Femenino,60,186347,Transferencia,2023-06-27
476,Femenino,La Reina,Servicio premium,Cualquiera,120,339147,Transferencia,2023-04-06
477,Femenino,La Leona,Baile privado,Masculino,60,132697,Transferencia,2023-09-01
478,Masculino,El Rey,Servicio premium,Cualquiera,45,350012,Tarjeta,2023-11-27
479,Femenino,Poker,Servicio premium,Masculino,30,414324,Cripto,2023-04-15
480,Femenino,Dulce,Masaje,Cualquiera,120,375639,Efectivo,2023-07-13
481,Masculino,El Flaco,Masaje,Masculino,90,205574,Transferencia,2023-10-18
482,Femenino,Pecado,Servicio premium,Femenino,45,384859,Tarjeta,2023-03-11
483,Femenino,La Fiera,Baile privado,Cualquiera,30,482767,Transferencia,2023-01-13
484,Femenino,La Fiera,Masaje,Cualquiera,45,72052,Tarjeta,2023-05-31
485,Femenino,La Diabla,Masaje,Femenino,45,464672,Transferencia,2023-05-22
486,Femenino,Pecado,Servicio premium,Cualquiera,45,229642,Efectivo,2023-12-04
487,Femenino,Cupcake,Servicio premium,Cualquiera,60,489884,Efectivo,2023-03-18
488,Masculino,El Bravo,Acompañamiento,Femenino,30,212367,Tarjeta,2023-06-12
489,Masculino,El Vato,Servicio premium,Cualquiera,90,288743,Efectivo,2023-07-23
490,Femenino,Poker,Acompañamiento,Cualquiera,90,221552,Efectivo,2023-01-05
491,Masculino,El Duende,Baile privado,Masculino,120,194833,Tarjeta,2023-09-10
492,Femenino,Gata Salvaje,Acompañamiento,Masculino,120,345631,Cripto,2023-01-17
493,Masculino,El Tigre,Baile privado,Masculino,30,410011,Cripto,2023-08-11
494,Masculino,El Búho,Baile privado,Femenino,120,388633,Tarjeta,2023-11-04
495,Femenino,Dulce,Baile privado,Cualquiera,60,319585,Efectivo,2023-01-30
496,Femenino,Dulce,Servicio premium,Cualquiera,30,354982,Tarjeta,2023-06-23
497,Masculino,El Búho,Baile privado,Femenino,120,152081,Cripto,2023-08-06
498,Femenino,La Tremenda,Servicio premium,Masculino,60,269141,Efectivo,2023-07-01
499,Masculino,El Flaco,Baile privado,Femenino,90,474164,Cripto,2023-11-24
500,Femenino,Dulce,Acompañamiento,Cualquiera,120,307996,Efectivo,2023-09-25
501,No binario,Bombón,Baile privado,Cualquiera,45,397195,Cripto,2023-07-31
502,Femenino,Rubí,Baile privado,Cualquiera,90,66120,Transferencia,2023-08-20
503,Femenino,Dulce,Baile privado,Femenino,120,183340,Cripto,2023-03-29
504,Femenino,Sirena,Acompañamiento,Femenino,60,397960,Transferencia,2023-02-21
505,Femenino,Poker,Servicio premium,Masculino,120,472900,Cripto,2023-08-20
506,No binario,Bombón,Masaje,Masculino,45,83091,Cripto,2023-10-27
507,Masculino,Tormenta,Servicio premium,Cualquiera,60,143877,Cripto,2023-01-08
508,Femenino,Cupcake,Servicio premium,Masculino,90,155577,Transferencia,2023-11-13
509,Masculino,El Veneno,Acompañamiento,Masculino,60,422497,Cripto,2023-05-13
510,Femenino,Candy,Servicio premium,Masculino,30,314716,Tarjeta,2023-03-22
511,Masculino,El Duende,Acompañamiento,Cualquiera,45,336453,Efectivo,2023-03-14
512,Masculino,El Búho,Acompañamiento,Femenino,120,377860,Efectivo,2023-01-29
513,Femenino,La Leona,Masaje,Masculino,30,87714,Tarjeta,2023-08-13
514,No binario,Bombón,Acompañamiento,Cualquiera,90,167725,Tarjeta,2023-02-19
515,Masculino,Fantasma,Masaje,Masculino,30,477027,Tarjeta,2023-11-03
516,Femenino,La Mamba,Baile privado,Femenino,60,422284,Efectivo,2023-11-04
517,No binario,Bombón,Acompañamiento,Femenino,45,223113,Efectivo,2023-03-17
518,Femenino,Luz Negra,Masaje,Cualquiera,90,460017,Cripto,2023-07-24
519,Femenino,Luz Negra,Acompañamiento,Femenino,30,223695,Cripto,2023-04-16
520,Femenino,Dulce,Servicio premium,Femenino,60,490825,Efectivo,2023-10-13
521,Masculino,El Duende,Masaje,Femenino,45,341517,Tarjeta,2023-01-27
522,Masculino,El Tigre,Acompañamiento,Masculino,30,99496,Tarjeta,2023-02-04
523,Masculino,El Veneno,Masaje,Masculino,90,120473,Efectivo,2023-07-06
524,Femenino,La Coneja,Servicio premium,Femenino,120,240287,Efectivo,2023-04-16
525,Femenino,Gata Salvaje,Baile privado,Cualquiera,45,307824,Cripto,2023-01-16
526,Masculino,El Lobo,Servicio premium,Cualquiera,90,379106,Transferencia,2023-10-22
527,Masculino,Fantasma,Masaje,Femenino,120,62194,Tarjeta,2023-09-17
528,Femenino,Poker,Baile privado,Femenino,45,289590,Transferencia,2023-04-05
529,Femenino,Luz Negra,Baile privado,Femenino,120,112025,Tarjeta,2023-08-24
530,Femenino,La Mamba,Servicio premium,Masculino,30,198390,Efectivo,2023-03-28
531,Masculino,Tormenta,Baile privado,Femenino,90,483907,Efectivo,2023-12-15
532,Masculino,El Mono,Acompañamiento,Cualquiera,90,59159,Efectivo,2023-02-07
533,Masculino,Shadow,Masaje,Femenino,120,206438,Transferencia,2023-08-03
534,Femenino,Poker,Servicio premium,Femenino,45,431967,Efectivo,2023-12-20
535,Masculino,El Rey,Servicio premium,Masculino,120,61190,Efectivo,2023-04-28
536,Masculino,Tormenta,Masaje,Masculino,60,415083,Transferencia,2023-11-22
537,Masculino,Tormenta,Baile privado,Femenino,120,296007,Cripto,2023-11-02
538,Masculino,Tormenta,Acompañamiento,Masculino,90,57706,Efectivo,2023-12-01
539,Masculino,El Gallito,Baile privado,Masculino,90,496091,Efectivo,2023-03-13
540,Masculino,Shadow,Baile privado,Cualquiera,120,328004,Efectivo,2023-04-19
541,Femenino,La Reina,Masaje,Femenino,90,112140,Cripto,2023-05-20
542,Femenino,Diamante,Servicio premium,Femenino,30,223086,Efectivo,2023-07-21
543,No binario,Bombón,Acompañamiento,Masculino,60,164877,Cripto,2023-10-31
544,Femenino,Rubí,Acompañamiento,Cualquiera,90,436017,Efectivo,2023-05-18
545,Femenino,Luz Negra,Masaje,Femenino,60,383513,Tarjeta,2023-06-09
546,Femenino,Sirena,Servicio premium,Femenino,60,193916,Efectivo,2023-08-19
547,Femenino,Rubí,Servicio premium,Masculino,45,91680,Efectivo,2023-06-01
548,Femenino,Cupcake,Masaje,Femenino,90,289511,Tarjeta,2023-07-29
549,Masculino,El Negro,Baile privado,Femenino,45,374288,Transferencia,2023-12-08
550,Femenino,La Coneja,Masaje,Femenino,60,355274,Cripto,2023-02-19
551,Femenino,Gata Salvaje,Baile privado,Femenino,120,321175,Cripto,2023-05-22
552,Masculino,El Búho,Servicio premium,Cualquiera,60,297313,Transferencia,2023-10-03
553,No binario,Sombra,Acompañamiento,Masculino,45,331408,Transferencia,2023-01-06
554,Femenino,Rubí,Masaje,Cualquiera,30,103004,Efectivo,2023-11-04
555,Masculino,Tormenta,Baile privado,Masculino,45,451364,Cripto,2023-03-13
556,Femenino,Pecado,Baile privado,Cualquiera,90,375670,Tarjeta,2023-02-11
557,Femenino,La Coneja,Masaje,Masculino,120,393397,Efectivo,2023-09-07
558,Masculino,El Gallito,Acompañamiento,Cualquiera,120,366837,Tarjeta,2023-03-23
559,Masculino,El Búho,Acompañamiento,Cualquiera,120,260981,Cripto,2023-01-23
560,Masculino,El Lobo,Servicio premium,Femenino,45,372035,Transferencia,2023-04-19
561,Masculino,El Veneno,Acompañamiento,Masculino,90,133700,Transferencia,2023-12-26
562,Masculino,Fantasma,Baile privado,Cualquiera,30,64675,Cripto,2023-09-15
563,Masculino,Tormenta,Servicio premium,Cualquiera,120,192635,Tarjeta,2023-02-11
564,Masculino,El Tigre,Acompañamiento,Masculino,45,376615,Efectivo,2023-05-16
565,Femenino,La Tremenda,Acompañamiento,Femenino,120,498333,Efectivo,2023-01-23
566,Femenino,Gata Salvaje,Acompañamiento,Femenino,120,380724,Cripto,2023-08-23
567,No binario,Sombra,Masaje,Masculino,90,428381,Transferencia,2023-02-07
568,No binario,Chocolate,Acompañamiento,Femenino,90,171084,Efectivo,2023-09-02
569,Masculino,Rayo,Servicio premium,Femenino,120,405162,Efectivo,2023-11-06
570,Masculino,El Tigre,Acompañamiento,Masculino,60,458219,Efectivo,2023-04-29
571,Masculino,Fantasma,Acompañamiento,Cualquiera,90,414996,Tarjeta,2023-01-14
572,Masculino,El Vato,Servicio premium,Masculino,30,58324,Efectivo,2023-09-14
573,Masculino,Rayo,Baile privado,Femenino,60,463498,Efectivo,2023-07-22
574,Femenino,La Pantera,Servicio premium,Femenino,30,387241,Transferencia,2023-09-01
575,Masculino,El Lobo,Baile privado,Cualquiera,120,413003,Transferencia,2023-08-14
576,Masculino,El Bravo,Masaje,Masculino,120,105406,Cripto,2023-01-24
577,Masculino,El Tigre,Masaje,Femenino,90,123257,Tarjeta,2023-02-18
578,Femenino,La Chispa,Servicio premium,Masculino,30,91791,Tarjeta,2023-09-13
579,Femenino,Pecado,Acompañamiento,Femenino,30,79920,Efectivo,2023-02-28
580,Masculino,El Búho,Acompañamiento,Masculino,90,163618,Transferencia,2023-11-22
581,Masculino,El Negro,Acompañamiento,Masculino,120,275642,Efectivo,2023-03-23
582,Femenino,Diamante,Acompañamiento,Masculino,90,372102,Cripto,2023-06-03
583,Masculino,El Gallito,Acompañamiento,Cualquiera,30,253863,Transferencia,2023-05-12
584,No binario,Sombra,Masaje,Cualquiera,45,244727,Cripto,2023-08-04
585,Masculino,El Rey,Acompañamiento,Cualquiera,30,238231,Tarjeta,2023-05-21
586,Femenino,Rubí,Baile privado,Cualquiera,30,243316,Efectivo,2023-08-09
587,Femenino,La Leona,Acompañamiento,Cualquiera,60,122047,Efectivo,2023-05-30
588,Femenino,La Fiera,Servicio premium,Femenino,60,78583,Transferencia,2023-11-29
589,Femenino,La Reina,Baile privado,Cualquiera,60,364694,Transferencia,2023-01-15
590,Masculino,Rayo,Servicio premium,Cualquiera,120,116192,Transferencia,2023-11-26
591,No binario,Chocolate,Masaje,Masculino,30,84673,Transferencia,2023-12-19
592,Femenino,La Coneja,Baile privado,Cualquiera,60,306665,Efectivo,2023-05-25
593,Masculino,El Rey,Baile privado,Femenino,90,374721,Efectivo,2023-08-21
594,Femenino,La Chispa,Acompañamiento,Cualquiera,45,326911,Tarjeta,2023-08-19
595,Femenino,La Coneja,Baile privado,Cualquiera,30,293979,Tarjeta,2023-09-29
596,Masculino,Tormenta,Masaje,Cualquiera,60,388301,Tarjeta,2023-10-14
597,Femenino,La Pantera,Acompañamiento,Cualquiera,120,487838,Efectivo,2023-02-04
598,No binario,Chocolate,Servicio premium,Masculino,30,189583,Tarjeta,2023-05-07
599,Masculino,Tormenta,Acompañamiento,Masculino,60,274043,Tarjeta,2023-09-07
600,Masculino,El Vato,Baile privado,Cualquiera,60,63434,Efectivo,2023-04-25
601,Femenino,La Fiera,Baile privado,Femenino,60,329389,Transferencia,2023-07-19
602,Femenino,Pecado,Masaje,Femenino,45,129273,Tarjeta,2023-04-08
603,Masculino,El Bravo,Masaje,Cualquiera,60,423527,Transferencia,2023-10-20
604,No binario,Bombón,Masaje,Masculino,60,346609,Efectivo,2023-11-08
605,Femenino,La Fiera,Masaje,Masculino,60,320296,Efectivo,2023-12-15
606,Masculino,Shadow,Masaje,Cualquiera,45,397550,Efectivo,2023-03-25
607,Masculino,El Vato,Servicio premium,Masculino,45,286126,Efectivo,2023-12-26
608,Femenino,Gata Salvaje,Servicio premium,Masculino,45,63142,Transferencia,2023-12-28
609,Masculino,El Gallito,Acompañamiento,Femenino,90,433257,Tarjeta,2023-07-23
610,No binario,Bombón,Baile privado,Femenino,120,181552,Cripto,2023-03-05
611,Femenino,Gata Salvaje,Acompañamiento,Masculino,60,128117,Transferencia,2023-07-04
612,Femenino,La Diabla,Masaje,Masculino,60,161878,Cripto,2023-05-28
613,Femenino,Cupcake,Baile privado,Masculino,90,209315,Tarjeta,2023-05-04
614,Masculino,El Negro,Masaje,Femenino,120,173551,Tarjeta,2023-04-05
615,Femenino,La Leona,Masaje,Femenino,90,222385,Cripto,2023-07-11
616,Masculino,El Mister,Acompañamiento,Masculino,45,234117,Cripto,2023-01-09
617,Masculino,El Gallito,Baile privado,Femenino,90,448698,Efectivo,2023-11-28
618,No binario,Sombra,Baile privado,Cualquiera,90,479546,Transferencia,2023-09-29
619,Masculino,El Duende,Baile privado,Cualquiera,120,233567,Efectivo,2023-06-27
620,Masculino,El Bravo,Baile privado,Cualquiera,45,477626,Tarjeta,2023-06-17
621,Masculino,El Flaco,Acompañamiento,Femenino,90,419786,Efectivo,2023-01-13
622,Femenino,La Fiera,Servicio premium,Masculino,30,360995,Transferencia,2023-10-26
623,No binario,Sombra,Baile privado,Cualquiera,45,87875,Tarjeta,2023-09-14
624,Femenino,La Chispa,Baile privado,Masculino,30,159293,Cripto,2023-07-04
625,Masculino,El Mister,Acompañamiento,Femenino,90,264230,Efectivo,2023-12-18
626,Masculino,El Flaco,Servicio premium,Femenino,45,389958,Cripto,2023-03-21
627,Masculino,El Gallito,Masaje,Femenino,120,142175,Tarjeta,2023-12-14
628,Masculino,El Rulo,Servicio premium,Cualquiera,30,128158,Cripto,2023-08-08
629,Femenino,La Mamba,Baile privado,Cualquiera,90,186099,Efectivo,2023-08-25
630,Masculino,El Mono,Masaje,Masculino,30,381270,Efectivo,2023-12-14
631,Femenino,Pecado,Servicio premium,Femenino,120,424132,Cripto,2023-10-06
632,Femenino,Gata Salvaje,Servicio premium,Cualquiera,45,365649,Tarjeta,2023-12-17
633,Masculino,El Negro,Baile privado,Masculino,45,498520,Tarjeta,2023-11-28
634,Masculino,El Lobo,Masaje,Masculino,90,141602,Transferencia,2023-07-18
635,Masculino,El Mono,Baile privado,Femenino,60,382555,Transferencia,2023-04-21
636,Femenino,Cupcake,Baile privado,Masculino,120,451004,Tarjeta,2023-01-11
637,Femenino,La Pantera,Baile privado,Femenino,90,452254,Efectivo,2023-02-05
638,Femenino,La Diabla,Baile privado,Masculino,45,252576,Cripto,2023-07-20
639,Femenino,Poker,Acompañamiento,Femenino,45,123052,Tarjeta,2023-10-04
640,Femenino,La Tremenda,Masaje,Cualquiera,45,417527,Transferencia,2023-11-30
641,Masculino,El Mono,Masaje,Cualquiera,30,230486,Efectivo,2023-02-23
642,Femenino,Rubí,Baile privado,Cualquiera,30,184523,Cripto,2023-03-29
643,Femenino,La Leona,Masaje,Masculino,60,332344,Cripto,2023-03-02
644,Femenino,La Pantera,Acompañamiento,Masculino,45,53823,Efectivo,2023-05-01
645,Femenino,La Reina,Servicio premium,Cualquiera,30,448746,Cripto,2023-03-15
646,Masculino,Shadow,Servicio premium,Femenino,90,366873,Transferencia,2023-01-26
647,Masculino,El Negro,Servicio premium,Cualquiera,60,416412,Efectivo,2023-12-24
648,Masculino,El Bravo,Masaje,Masculino,120,58256,Cripto,2023-08-06
649,Masculino,El Papi,Masaje,Masculino,60,222962,Cripto,2023-05-30
650,No binario,Bombón,Acompañamiento,Femenino,30,147946,Cripto,2023-03-20
651,Femenino,Rubí,Acompañamiento,Cualquiera,45,254651,Efectivo,2023-10-11
652,Masculino,El Papi,Servicio premium,Cualquiera,30,266530,Tarjeta,2023-07-17
653,Femenino,Diamante,Masaje,Cualquiera,120,221430,Cripto,2023-12-18
654,Femenino,La Fiera,Baile privado,Masculino,60,337323,Transferencia,2023-04-28
655,Femenino,Diamante,Servicio premium,Cualquiera,30,206664,Transferencia,2023-04-07
656,Masculino,El Tigre,Baile privado,Masculino,45,494168,Transferencia,2023-02-17
657,No binario,Bombón,Acompañamiento,Femenino,90,390626,Tarjeta,2023-07-31
658,Masculino,El Bravo,Acompañamiento,Femenino,90,69864,Efectivo,2023-07-08
659,Femenino,La Tremenda,Servicio premium,Cualquiera,90,96311,Cripto,2023-06-17
660,Femenino,Pecado,Acompañamiento,Masculino,30,428988,Efectivo,2023-04-25
661,Femenino,La Leona,Acompañamiento,Femenino,120,168405,Tarjeta,2023-04-04
662,Femenino,Gata Salvaje,Masaje,Femenino,60,217351,Tarjeta,2023-05-18
663,Femenino,Poker,Baile privado,Masculino,30,120189,Cripto,2023-10-03
664,Masculino,El Negro,Servicio premium,Cualquiera,45,264018,Tarjeta,2023-10-03
665,Femenino,Candy,Masaje,Femenino,30,152680,Tarjeta,2023-04-12
666,Masculino,El Papi,Acompañamiento,Femenino,120,67199,Transferencia,2023-04-17
667,Femenino,Candy,Acompañamiento,Masculino,45,171017,Transferencia,2023-07-04
668,Masculino,El Lobo,Acompañamiento,Masculino,60,380535,Cripto,2023-04-29
669,Femenino,Sirena,Servicio premium,Masculino,30,219197,Cripto,2023-04-25
670,No binario,Bombón,Baile privado,Cualquiera,120,133919,Transferencia,2023-07-02
671,Femenino,Pecado,Masaje,Masculino,90,368885,Cripto,2023-10-17
672,Femenino,Luz Negra,Servicio premium,Femenino,30,377731,Transferencia,2023-08-21
673,No binario,Sombra,Baile privado,Cualquiera,120,405849,Efectivo,2023-03-27
674,Masculino,El Búho,Baile privado,Masculino,90,381941,Efectivo,2023-09-24
675,Femenino,La Diabla,Servicio premium,Masculino,45,91352,Tarjeta,2023-01-20
676,Femenino,Rubí,Servicio premium,Femenino,90,99221,Efectivo,2023-01-20
677,Masculino,El Búho,Acompañamiento,Cualquiera,120,101983,Transferencia,2023-03-07
678,Femenino,Candy,Servicio premium,Femenino,45,424584,Efectivo,2023-02-16
679,Masculino,El Vato,Baile privado,Femenino,45,58869,Transferencia,2023-01-28
680,Masculino,Tormenta,Servicio premium,Masculino,90,483001,Efectivo,2023-03-30
681,Masculino,El Búho,Baile privado,Cualquiera,30,193179,Transferencia,2023-09-21
682,Femenino,Rubí,Baile privado,Masculino,60,295226,Tarjeta,2023-11-26
683,Femenino,Sirena,Servicio premium,Femenino,90,95586,Transferencia,2023-08-12
684,Masculino,El Búho,Servicio premium,Cualquiera,30,433878,Efectivo,2023-02-07
685,Femenino,Cupcake,Servicio premium,Femenino,60,84923,Tarjeta,2023-07-09
686,Masculino,El Veneno,Acompañamiento,Cualquiera,30,305949,Cripto,2023-11-13
687,Femenino,Rubí,Acompañamiento,Cualquiera,45,125554,Transferencia,2023-03-19
688,Femenino,La Leona,Servicio premium,Masculino,30,363512,Efectivo,2023-07-05
689,Masculino,El Mister,Servicio premium,Femenino,45,216452,Efectivo,2023-09-29
690,Masculino,El Bravo,Servicio premium,Masculino,45,242152,Tarjeta,2023-10-04
691,Masculino,Fantasma,Acompañamiento,Cualquiera,30,200065,Tarjeta,2023-07-17
692,Masculino,El Negro,Servicio premium,Cualquiera,45,498367,Efectivo,2023-06-22
693,Masculino,El Gallito,Masaje,Cualquiera,30,301526,Efectivo,2023-02-05
694,Femenino,Dulce,Acompañamiento,Masculino,90,482800,Cripto,2023-07-25
695,Masculino,El Gallito,Acompañamiento,Masculino,120,66706,Tarjeta,2023-03-19
696,Femenino,Sirena,Baile privado,Cualquiera,90,385500,Efectivo,2023-06-30
697,Masculino,El Bravo,Masaje,Cualquiera,120,61322,Transferencia,2023-03-07
698,Masculino,El Veneno,Acompañamiento,Cualquiera,60,111398,Transferencia,2023-03-14
699,Masculino,El Flaco,Baile privado,Cualquiera,120,156656,Transferencia,2023-12-18
700,Femenino,Gata Salvaje,Acompañamiento,Cualquiera,60,85120,Tarjeta,2023-10-26
701,Femenino,La Reina,Baile privado,Cualquiera,90,222270,Efectivo,2023-12-23
702,Femenino,Poker,Masaje,Femenino,90,241277,Tarjeta,2023-09-11
703,Masculino,El Mister,Baile privado,Femenino,120,436743,Efectivo,2023-09-15
704,Masculino,El Papi,Baile privado,Masculino,120,197310,Transferencia,2023-04-19
705,Masculino,Shadow,Masaje,Masculino,90,293610,Tarjeta,2023-01-26
706,Masculino,El Bravo,Servicio premium,Masculino,120,438879,Tarjeta,2023-10-15
707,Masculino,El Negro,Baile privado,Femenino,90,81803,Transferencia,2023-09-27
708,Masculino,El Gallito,Servicio premium,Cualquiera,120,224776,Efectivo,2023-11-27
709,Femenino,La Reina,Baile privado,Cualquiera,60,374894,Efectivo,2023-12-15
710,Femenino,La Tremenda,Servicio premium,Femenino,90,491845,Efectivo,2023-06-16
711,Masculino,El Bravo,Acompañamiento,Femenino,30,232299,Tarjeta,2023-04-18
712,Femenino,Poker,Baile privado,Masculino,60,70957,Efectivo,2023-10-09
713,Masculino,El Vato,Acompañamiento,Cualquiera,120,326912,Cripto,2023-06-28
714,Femenino,La Reina,Masaje,Cualquiera,90,102902,Cripto,2023-12-03
715,Femenino,La Tremenda,Baile privado,Femenino,60,488120,Efectivo,2023-07-28
716,Femenino,Sirena,Acompañamiento,Cualquiera,45,425702,Efectivo,2023-05-06
717,Femenino,La Mamba,Baile privado,Cualquiera,120,472973,Transferencia,2023-06-06
718,Masculino,El Papi,Acompañamiento,Femenino,90,231588,Cripto,2023-10-21
719,Masculino,El Negro,Servicio premium,Cualquiera,45,212903,Efectivo,2023-06-02
720,Femenino,La Tremenda,Acompañamiento,Cualquiera,90,436117,Transferencia,2023-07-21
721,Femenino,Cupcake,Servicio premium,Cualquiera,60,467660,Cripto,2023-12-12
722,Femenino,La Leona,Masaje,Cualquiera,120,393106,Efectivo,2023-12-20
723,Masculino,El Duende,Acompañamiento,Femenino,90,376535,Tarjeta,2023-05-21
724,Femenino,Dulce,Acompañamiento,Cualquiera,45,85599,Tarjeta,2023-04-30
725,Femenino,La Fiera,Baile privado,Cualquiera,45,418025,Cripto,2023-08-11
726,Masculino,El Vato,Acompañamiento,Cualquiera,30,409794,Efectivo,2023-06-16
727,Femenino,Gata Salvaje,Baile privado,Femenino,60,184238,Cripto,2023-08-19
728,Femenino,La Mamba,Baile privado,Femenino,120,391745,Tarjeta,2023-05-06
729,Femenino,Poker,Servicio premium,Masculino,90,445931,Efectivo,2023-01-28
730,Femenino,La Mamba,Acompañamiento,Cualquiera,120,378925,Cripto,2023-08-04
731,Masculino,El Negro,Masaje,Femenino,120,435426,Cripto,2023-09-04
732,Femenino,Pecado,Servicio premium,Masculino,90,189226,Efectivo,2023-07-22
733,Femenino,La Reina,Masaje,Masculino,30,209572,Tarjeta,2023-09-08
734,Femenino,Diamante,Baile privado,Masculino,120,312473,Tarjeta,2023-12-14
735,Femenino,La Tremenda,Baile privado,Femenino,60,423092,Cripto,2023-09-21
736,Femenino,La Diabla,Acompañamiento,Femenino,45,345662,Cripto,2023-07-31
737,Masculino,Fantasma,Masaje,Cualquiera,90,427039,Tarjeta,2023-07-29
738,Femenino,La Tremenda,Masaje,Cualquiera,90,341060,Transferencia,2023-02-21
739,Masculino,Tormenta,Masaje,Cualquiera,60,471412,Tarjeta,2023-06-19
740,Masculino,El Rulo,Servicio premium,Cualquiera,30,105692,Tarjeta,2023-06-22
741,Femenino,La Coneja,Servicio premium,Masculino,60,246375,Cripto,2023-10-16
742,Masculino,Rayo,Servicio premium,Femenino,45,220081,Tarjeta,2023-12-08
743,Masculino,El Búho,Baile privado,Femenino,60,391129,Transferencia,2023-09-22
744,Femenino,Luz Negra,Servicio premium,Cualquiera,30,98942,Transferencia,2023-11-27
745,Femenino,Diamante,Servicio premium,Masculino,90,58278,Efectivo,2023-01-23
746,Femenino,Gata Salvaje,Baile privado,Cualquiera,120,287131,Tarjeta,2023-10-12
747,Masculino,El Bravo,Acompañamiento,Cualquiera,45,257690,Cripto,2023-05-28
748,Femenino,La Pantera,Masaje,Masculino,30,421781,Efectivo,2023-10-11
749,Masculino,El Veneno,Servicio premium,Femenino,60,337402,Tarjeta,2023-08-08
750,Masculino,El Vato,Acompañamiento,Masculino,30,184531,Tarjeta,2023-03-03
751,Femenino,Rubí,Masaje,Cualquiera,120,160881,Cripto,2023-11-12
752,Masculino,El Veneno,Servicio premium,Femenino,30,448563,Tarjeta,2023-06-21
753,Masculino,Fantasma,Baile privado,Masculino,90,139292,Efectivo,2023-03-14
754,Femenino,Dulce,Baile privado,Masculino,45,82532,Tarjeta,2023-08-08
755,Femenino,Poker,Servicio premium,Cualquiera,60,151689,Tarjeta,2023-07-01
756,Masculino,El Mono,Masaje,Cualquiera,120,225745,Cripto,2023-09-30
757,Femenino,Pecado,Baile privado,Cualquiera,60,468242,Efectivo,2023-09-14
758,Femenino,La Fiera,Baile privado,Cualquiera,30,467615,Cripto,2023-10-22
759,Masculino,El Papi,Baile privado,Femenino,60,207923,Transferencia,2023-11-04
760,Femenino,La Mamba,Masaje,Femenino,120,114077,Cripto,2023-02-23
761,Femenino,La Reina,Masaje,Femenino,90,223389,Cripto,2023-08-06
762,Masculino,El Rey,Baile privado,Cualquiera,120,176326,Cripto,2023-11-24
763,Masculino,El Vato,Baile privado,Femenino,45,340918,Cripto,2023-03-01
764,Femenino,Cupcake,Baile privado,Cualquiera,60,112165,Efectivo,2023-07-04
765,Femenino,La Fiera,Servicio premium,Cualquiera,45,155010,Transferencia,2023-03-01
766,Femenino,La Pantera,Acompañamiento,Femenino,45,239296,Efectivo,2023-03-07
767,Femenino,La Reina,Acompañamiento,Cualquiera,90,248485,Efectivo,2023-10-27
768,Femenino,La Mamba,Acompañamiento,Cualquiera,45,235872,Cripto,2023-03-23
769,Femenino,Cupcake,Masaje,Cualquiera,120,221009,Tarjeta,2023-10-13
770,Femenino,La Tremenda,Servicio premium,Masculino,60,103877,Cripto,2023-04-02
771,No binario,Bombón,Masaje,Femenino,60,221630,Cripto,2023-12-05
772,Femenino,Cupcake,Servicio premium,Cualquiera,45,77379,Cripto,2023-07-23
773,Masculino,El Mister,Baile privado,Masculino,30,375225,Cripto,2023-02-25
774,Femenino,Sirena,Acompañamiento,Femenino,30,473829,Transferencia,2023-08-01
775,Masculino,Fantasma,Servicio premium,Femenino,60,63369,Efectivo,2023-11-26
776,Masculino,Tormenta,Acompañamiento,Femenino,45,453574,Tarjeta,2023-05-14
777,Femenino,Sirena,Masaje,Cualquiera,30,285798,Efectivo,2023-11-07
778,Femenino,La Chispa,Masaje,Cualquiera,45,367379,Cripto,2023-11-19
779,Masculino,El Rey,Baile privado,Cualquiera,45,311925,Efectivo,2023-10-09
780,Masculino,El Tigre,Servicio premium,Masculino,60,119436,Transferencia,2023-04-19
781,Masculino,El Gallito,Baile privado,Cualquiera,120,140318,Cripto,2023-07-24
782,Femenino,La Fiera,Baile privado,Masculino,45,172704,Cripto,2023-12-10
783,Masculino,El Negro,Baile privado,Femenino,45,381392,Cripto,2023-10-23
784,Masculino,El Tigre,Servicio premium,Cualquiera,120,206581,Tarjeta,2023-07-08
785,Femenino,Luz Negra,Baile privado,Cualquiera,90,242332,Transferencia,2023-03-27
786,Femenino,La Fiera,Baile privado,Cualquiera,45,247116,Tarjeta,2023-02-10
787,Masculino,El Gallito,Baile privado,Femenino,90,403125,Tarjeta,2023-02-23
788,Masculino,El Bravo,Baile privado,Cualquiera,45,417184,Tarjeta,2023-03-13
789,Masculino,El Rulo,Baile privado,Masculino,60,455841,Efectivo,2023-09-20
790,Femenino,La Diabla,Acompañamiento,Femenino,30,115159,Transferencia,2023-06-12
791,Femenino,Sirena,Baile privado,Cualquiera,90,92844,Tarjeta,2023-09-02
792,Femenino,Candy,Baile privado,Cualquiera,60,55993,Transferencia,2023-07-04
793,Masculino,El Rey,Acompañamiento,Masculino,45,427849,Efectivo,2023-11-11
794,Masculino,El Duende,Acompañamiento,Masculino,90,96103,Cripto,2023-07-30
795,Masculino,El Lobo,Masaje,Cualquiera,45,414300,Tarjeta,2023-11-10
796,Masculino,El Tigre,Servicio premium,Cualquiera,30,102712,Tarjeta,2023-11-07
797,Masculino,El Mono,Baile privado,Cualquiera,60,434434,Tarjeta,2023-12-26
798,Femenino,Candy,Baile privado,Masculino,45,426296,Transferencia,2023-04-05
799,Femenino,Sirena,Servicio premium,Cualquiera,90,416206,Cripto,2023-05-30
800,Femenino,La Fiera,Servicio premium,Cualquiera,60,346719,Transferencia,2023-09-27
801,Masculino,El Mono,Baile privado,Masculino,30,154444,Tarjeta,2023-02-24
802,Masculino,El Mister,Acompañamiento,Cualquiera,120,398991,Cripto,2023-08-17
803,Femenino,La Coneja,Servicio premium,Femenino,120,184408,Efectivo,2023-12-16
804,Masculino,Fantasma,Servicio premium,Femenino,60,201554,Transferencia,2023-12-27
805,Femenino,Cupcake,Baile privado,Femenino,120,396026,Efectivo,2023-04-10
806,Masculino,El Flaco,Masaje,Femenino,30,439265,Tarjeta,2023-06-27
807,Masculino,El Tigre,Masaje,Femenino,45,196535,Tarjeta,2023-08-10
808,Femenino,Dulce,Acompañamiento,Cualquiera,30,292191,Efectivo,2023-01-02
809,Femenino,Dulce,Acompañamiento,Masculino,120,237826,Transferencia,2023-05-04
810,Masculino,El Rey,Acompañamiento,Cualquiera,45,201534,Efectivo,2023-09-09
811,Masculino,El Tigre,Acompañamiento,Femenino,45,283241,Tarjeta,2023-02-02
812,Femenino,Dulce,Acompañamiento,Masculino,120,431759,Transferencia,2023-11-21
813,Masculino,Shadow,Servicio premium,Masculino,60,234371,Efectivo,2023-04-27
814,Femenino,Poker,Acompañamiento,Masculino,45,132715,Cripto,2023-03-03
815,Femenino,La Diabla,Masaje,Cualquiera,30,466186,Cripto,2023-07-05
816,Masculino,El Mono,Servicio premium,Cualquiera,120,288340,Transferencia,2023-02-10
817,Masculino,El Flaco,Masaje,Cualquiera,45,478171,Efectivo,2023-11-20
818,Masculino,El Flaco,Acompañamiento,Cualquiera,120,205886,Transferencia,2023-07-24
819,Masculino,Fantasma,Servicio premium,Cualquiera,120,210292,Transferencia,2023-09-22
820,Masculino,Shadow,Servicio premium,Cualquiera,45,220133,Tarjeta,2023-02-24
821,Femenino,Candy,Acompañamiento,Femenino,60,225350,Efectivo,2023-12-11
822,Femenino,Luz Negra,Servicio premium,Masculino,120,202540,Efectivo,2023-08-02
823,Masculino,Tormenta,Baile privado,Cualquiera,90,376910,Cripto,2023-05-23
824,Femenino,Dulce,Acompañamiento,Cualquiera,30,82265,Transferencia,2023-09-20
825,Masculino,El Búho,Masaje,Masculino,90,415425,Cripto,2023-05-01
826,Masculino,El Mister,Servicio premium,Masculino,45,224682,Tarjeta,2023-12-06
827,Femenino,La Chispa,Masaje,Femenino,45,345701,Efectivo,2023-09-17
828,Femenino,La Coneja,Masaje,Femenino,45,444236,Transferencia,2023-02-16
829,Masculino,El Papi,Servicio premium,Cualquiera,60,371406,Transferencia,2023-12-16
830,Masculino,Tormenta,Masaje,Femenino,60,160125,Transferencia,2023-01-29
831,Femenino,La Diabla,Servicio premium,Femenino,45,135601,Transferencia,2023-03-23
832,Femenino,La Reina,Servicio premium,Femenino,60,80708,Tarjeta,2023-02-03
833,No binario,Chocolate,Acompañamiento,Femenino,120,356412,Cripto,2023-10-21
834,Femenino,Candy,Baile privado,Cualquiera,30,448197,Transferencia,2023-01-26
835,Masculino,El Bravo,Acompañamiento,Cualquiera,120,259180,Transferencia,2023-02-20
836,No binario,Chocolate,Baile privado,Femenino,90,430071,Cripto,2023-01-02
837,Femenino,La Mamba,Baile privado,Cualquiera,60,158034,Transferencia,2023-05-06
838,Femenino,La Chispa,Servicio premium,Masculino,30,281622,Cripto,2023-03-16
839,Femenino,Rubí,Masaje,Femenino,90,196354,Cripto,2023-12-14
840,Masculino,El Flaco,Baile privado,Femenino,120,199522,Efectivo,2023-10-31
841,No binario,Bombón,Acompañamiento,Masculino,45,290882,Cripto,2023-01-31
842,Femenino,Rubí,Acompañamiento,Cualquiera,30,442539,Efectivo,2023-07-08
843,Masculino,El Lobo,Masaje,Femenino,60,463276,Tarjeta,2023-03-08
844,Femenino,La Leona,Masaje,Cualquiera,30,431860,Cripto,2023-03-26
845,Femenino,Gata Salvaje,Servicio premium,Cualquiera,30,269602,Tarjeta,2023-03-10
846,Masculino,El Rey,Acompañamiento,Masculino,60,230041,Cripto,2023-09-24
847,Masculino,Rayo,Acompañamiento,Masculino,120,390920,Efectivo,2023-11-25
848,Masculino,El Lobo,Servicio premium,Masculino,30,422545,Transferencia,2023-05-27
849,Femenino,La Chispa,Baile privado,Masculino,120,361172,Tarjeta,2023-10-07
850,No binario,Sombra,Servicio premium,Cualquiera,45,86902,Efectivo,2023-09-18
851,Masculino,El Duende,Servicio premium,Cualquiera,45,402463,Transferencia,2023-10-28
852,No binario,Sombra,Masaje,Masculino,60,486811,Tarjeta,2023-12-19
853,Masculino,El Mono,Baile privado,Femenino,120,432098,Tarjeta,2023-06-03
854,Femenino,La Coneja,Servicio premium,Cualquiera,90,394949,Efectivo,2023-05-15
855,No binario,Chocolate,Masaje,Masculino,60,260609,Cripto,2023-07-31
856,Femenino,La Pantera,Acompañamiento,Femenino,60,177670,Tarjeta,2023-10-25
857,Femenino,Diamante,Acompañamiento,Cualquiera,120,184314,Cripto,2023-10-08
858,No binario,Bombón,Servicio premium,Cualquiera,90,476437,Cripto,2023-09-20
859,Femenino,La Mamba,Servicio premium,Cualquiera,120,162148,Cripto,2023-05-03
860,Femenino,La Reina,Servicio premium,Masculino,120,250814,Cripto,2023-01-31
861,No binario,Bombón,Servicio premium,Masculino,30,175328,Efectivo,2023-06-09
862,Masculino,El Tigre,Baile privado,Femenino,120,222399,Efectivo,2023-12-19
863,Masculino,Tormenta,Baile privado,Femenino,60,203856,Transferencia,2023-06-14
864,Femenino,Diamante,Acompañamiento,Cualquiera,90,366199,Tarjeta,2023-12-14
865,Masculino,El Veneno,Acompañamiento,Masculino,30,260851,Cripto,2023-06-18
866,Masculino,El Flaco,Masaje,Masculino,120,218597,Cripto,2023-03-03
867,Femenino,La Pantera,Acompañamiento,Masculino,60,335782,Cripto,2023-12-03
868,Femenino,La Mamba,Masaje,Femenino,45,498563,Cripto,2023-04-26
869,Masculino,El Rulo,Baile privado,Femenino,90,143297,Transferencia,2023-03-05
870,Masculino,El Búho,Servicio premium,Cualquiera,90,242986,Cripto,2023-08-09
871,Femenino,Cupcake,Acompañamiento,Cualquiera,30,205878,Cripto,2023-05-26
872,Femenino,Pecado,Acompañamiento,Femenino,90,350992,Cripto,2023-09-29
873,No binario,Chocolate,Baile privado,Masculino,90,87896,Cripto,2023-02-03
874,Femenino,Pecado,Servicio premium,Cualquiera,120,123147,Transferencia,2023-07-01
875,Masculino,El Flaco,Servicio premium,Masculino,30,440764,Cripto,2023-06-05
876,Femenino,Luz Negra,Servicio premium,Masculino,120,393681,Transferencia,2023-06-10
877,Masculino,El Negro,Masaje,Cualquiera,45,312153,Cripto,2023-08-12
878,No binario,Bombón,Acompañamiento,Cualquiera,90,460359,Transferencia,2023-05-20
879,Femenino,Luz Negra,Servicio premium,Femenino,60,262669,Cripto,2023-01-04
880,Femenino,La Fiera,Baile privado,Cualquiera,60,52840,Tarjeta,2023-07-04
881,Femenino,Sirena,Masaje,Masculino,30,302255,Tarjeta,2023-01-15
882,Femenino,La Tremenda,Servicio premium,Femenino,45,249275,Efectivo,2023-07-26
883,Masculino,Fantasma,Servicio premium,Cualquiera,45,467350,Cripto,2023-10-21
884,No binario,Chocolate,Acompañamiento,Masculino,30,479747,Efectivo,2023-12-09
885,Femenino,La Mamba,Masaje,Masculino,30,406818,Tarjeta,2023-01-29
886,Femenino,La Diabla,Masaje,Masculino,30,271523,Efectivo,2023-06-18
887,Femenino,Cupcake,Servicio premium,Femenino,45,219578,Tarjeta,2023-12-05
888,Femenino,La Reina,Baile privado,Cualquiera,60,307925,Transferencia,2023-06-23
889,Masculino,El Rey,Masaje,Femenino,90,327305,Cripto,2023-04-17
890,Femenino,Pecado,Masaje,Masculino,60,329826,Transferencia,2023-10-15
891,No binario,Chocolate,Servicio premium,Femenino,45,348966,Cripto,2023-08-23
892,Femenino,Candy,Servicio premium,Masculino,60,168350,Efectivo,2023-10-19
893,Femenino,La Coneja,Masaje,Masculino,120,375974,Tarjeta,2023-08-10
894,Masculino,El Gallito,Baile privado,Cualquiera,30,275218,Tarjeta,2023-05-10
895,Masculino,Rayo,Acompañamiento,Femenino,120,239036,Cripto,2023-09-20
896,Femenino,Gata Salvaje,Masaje,Masculino,60,343938,Cripto,2023-01-25
897,Femenino,La Leona,Acompañamiento,Cualquiera,60,298597,Efectivo,2023-07-12
898,Masculino,El Tigre,Masaje,Masculino,90,144429,Tarjeta,2023-09-19
899,Femenino,Candy,Masaje,Masculino,45,227608,Cripto,2023-03-02
900,Femenino,La Leona,Masaje,Cualquiera,30,484808,Efectivo,2023-05-07
901,Femenino,La Tremenda,Servicio premium,Masculino,120,366405,Efectivo,2023-02-23
902,Masculino,El Mono,Acompañamiento,Cualquiera,120,131895,Tarjeta,2023-02-28
903,Femenino,La Coneja,Acompañamiento,Masculino,45,389660,Tarjeta,2023-10-01
904,Femenino,Cupcake,Servicio premium,Femenino,90,250912,Tarjeta,2023-07-20
905,Masculino,El Duende,Masaje,Cualquiera,90,237238,Cripto,2023-01-29
906,Masculino,El Tigre,Masaje,Cualquiera,90,401268,Transferencia,2023-07-06
907,Femenino,Luz Negra,Baile privado,Femenino,60,287252,Cripto,2023-05-07
908,Femenino,Pecado,Acompañamiento,Femenino,45,60607,Cripto,2023-07-16
909,Femenino,Candy,Acompañamiento,Femenino,60,330228,Cripto,2023-01-24
910,Masculino,Tormenta,Servicio premium,Cualquiera,90,129979,Efectivo,2023-12-13
911,Femenino,Candy,Baile privado,Femenino,45,81948,Tarjeta,2023-12-15
912,Masculino,El Rey,Baile privado,Femenino,90,323324,Efectivo,2023-03-29
913,Masculino,El Tigre,Servicio premium,Cualquiera,90,282367,Tarjeta,2023-08-29
914,Femenino,La Chispa,Acompañamiento,Cualquiera,120,210114,Efectivo,2023-09-23
915,Masculino,Fantasma,Masaje,Cualquiera,30,447740,Efectivo,2023-11-16
916,Femenino,Pecado,Masaje,Masculino,60,421123,Cripto,2023-11-19
917,Masculino,El Rey,Servicio premium,Cualquiera,60,404562,Efectivo,2023-09-02
918,Masculino,Fantasma,Baile privado,Cualquiera,120,257790,Transferencia,2023-10-13
919,Femenino,La Chispa,Masaje,Masculino,30,172997,Efectivo,2023-02-15
920,Masculino,El Bravo,Baile privado,Femenino,90,385485,Tarjeta,2023-12-20
921,Femenino,Sirena,Baile privado,Femenino,60,256826,Cripto,2023-09-14
922,Masculino,El Negro,Masaje,Masculino,90,206620,Cripto,2023-06-29
923,Femenino,Dulce,Servicio premium,Cualquiera,30,86454,Transferencia,2023-06-06
924,Masculino,El Flaco,Servicio premium,Masculino,45,203892,Cripto,2023-10-04
925,Femenino,Gata Salvaje,Baile privado,Femenino,120,320350,Cripto,2023-12-27
926,No binario,Bombón,Masaje,Masculino,45,135272,Tarjeta,2023-02-14
927,Femenino,La Chispa,Baile privado,Femenino,45,319780,Efectivo,2023-01-28
928,Masculino,El Flaco,Acompañamiento,Masculino,60,277614,Efectivo,2023-08-04
929,No binario,Chocolate,Masaje,Masculino,120,118573,Efectivo,2023-06-09
930,Femenino,Rubí,Servicio premium,Femenino,120,246204,Cripto,2023-07-28
931,Masculino,El Tigre,Baile privado,Cualquiera,60,389935,Efectivo,2023-08-28
932,Femenino,Candy,Masaje,Cualquiera,60,73730,Transferencia,2023-12-12
933,Masculino,El Papi,Servicio premium,Masculino,45,464280,Transferencia,2023-06-14
934,Masculino,Rayo,Servicio premium,Masculino,60,467514,Efectivo,2023-03-31
935,Femenino,La Reina,Baile privado,Masculino,90,414111,Cripto,2023-10-30
936,Femenino,Dulce,Baile privado,Masculino,120,269198,Transferencia,2023-11-08
937,Femenino,Luz Negra,Masaje,Masculino,120,110848,Tarjeta,2023-04-18
938,Masculino,Rayo,Acompañamiento,Femenino,120,292316,Efectivo,2023-04-06
939,Masculino,El Rey,Servicio premium,Masculino,90,71372,Transferencia,2023-05-25
940,Masculino,Rayo,Servicio premium,Cualquiera,60,328225,Transferencia,2023-11-07
941,Femenino,La Fiera,Servicio premium,Cualquiera,60,459247,Efectivo,2023-08-12
942,Masculino,El Gallito,Baile privado,Cualquiera,30,271254,Tarjeta,2023-01-29
943,Masculino,El Mono,Masaje,Masculino,90,372306,Efectivo,2023-04-11
944,Femenino,La Leona,Baile privado,Masculino,120,209046,Cripto,2023-05-11
945,Femenino,Luz Negra,Servicio premium,Cualquiera,30,485797,Tarjeta,2023-09-07
946,Femenino,Pecado,Servicio premium,Femenino,30,126441,Efectivo,2023-02-21
947,Femenino,La Tremenda,Masaje,Cualquiera,90,391748,Tarjeta,2023-10-10
948,Femenino,La Tremenda,Baile privado,Masculino,90,88040,Efectivo,2023-12-18
949,Femenino,Rubí,Baile privado,Masculino,60,162820,Cripto,2023-01-08
950,Masculino,El Rey,Acompañamiento,Femenino,30,460101,Efectivo,2023-06-11
951,Masculino,El Duende,Servicio premium,Cualquiera,120,111604,Tarjeta,2023-06-18
952,No binario,Chocolate,Masaje,Femenino,30,279633,Efectivo,2023-03-31
953,Femenino,Luz Negra,Baile privado,Cualquiera,90,199081,Tarjeta,2023-05-13
954,Femenino,La Reina,Baile privado,Masculino,45,425731,Efectivo,2023-11-05
955,Femenino,La Diabla,Masaje,Masculino,120,197423,Tarjeta,2023-12-08
956,Femenino,La Reina,Acompañamiento,Cualquiera,120,482702,Transferencia,2023-10-13
957,Masculino,El Flaco,Servicio premium,Cualquiera,45,75001,Cripto,2023-07-23
958,Femenino,Gata Salvaje,Baile privado,Cualquiera,90,230675,Efectivo,2023-10-19
959,Masculino,El Rulo,Acompañamiento,Masculino,60,289298,Efectivo,2023-06-05
960,Femenino,La Leona,Servicio premium,Femenino,90,269622,Efectivo,2023-02-25
961,Masculino,Shadow,Masaje,Masculino,60,231172,Efectivo,2023-03-01
962,Masculino,El Tigre,Baile privado,Cualquiera,90,456855,Tarjeta,2023-01-09
963,Masculino,El Vato,Baile privado,Femenino,60,460780,Efectivo,2023-06-20
964,Masculino,El Mono,Acompañamiento,Cualquiera,60,349367,Transferencia,2023-02-23
965,Femenino,Candy,Masaje,Femenino,90,102759,Tarjeta,2023-05-05
966,Femenino,La Mamba,Servicio premium,Masculino,30,195033,Cripto,2023-11-06
967,Masculino,El Lobo,Acompañamiento,Masculino,60,102342,Tarjeta,2023-03-16
968,Masculino,El Gallito,Servicio premium,Cualquiera,120,247750,Transferencia,2023-05-23
969,Masculino,El Rey,Servicio premium,Femenino,30,378712,Tarjeta,2023-09-07
970,Masculino,El Papi,Baile privado,Cualquiera,30,203005,Cripto,2023-03-02
971,Femenino,La Reina,Servicio premium,Masculino,60,143692,Transferencia,2023-02-13
972,Masculino,El Búho,Masaje,Femenino,30,446024,Tarjeta,2023-01-18
973,Femenino,La Tremenda,Baile privado,Femenino,30,214337,Transferencia,2023-04-04
974,Femenino,La Chispa,Servicio premium,Masculino,60,400813,Efectivo,2023-07-21
975,No binario,Sombra,Acompañamiento,Femenino,45,369149,Tarjeta,2023-05-25
976,Masculino,El Búho,Baile privado,Femenino,60,298959,Transferencia,2023-11-15
977,Masculino,Shadow,Masaje,Masculino,45,149653,Cripto,2023-05-31
978,Femenino,La Leona,Masaje,Femenino,60,492610,Transferencia,2023-04-07
979,Femenino,Rubí,Servicio premium,Masculino,30,355115,Efectivo,2023-01-10
980,No binario,Bombón,Acompañamiento,Femenino,120,376023,Efectivo,2023-10-19
981,Femenino,La Reina,Masaje,Masculino,60,269409,Transferencia,2023-11-16
982,No binario,Bombón,Masaje,Cualquiera,30,157967,Cripto,2023-08-27
983,Femenino,La Diabla,Baile privado,Femenino,30,89932,Tarjeta,2023-08-03
984,Femenino,La Reina,Masaje,Masculino,60,499127,Cripto,2023-03-17
985,Masculino,Fantasma,Baile privado,Masculino,30,399543,Tarjeta,2023-05-07
986,Femenino,La Pantera,Baile privado,Masculino,30,241911,Efectivo,2023-08-23
987,Masculino,El Papi,Baile privado,Masculino,45,328973,Tarjeta,2023-03-18
988,Femenino,La Pantera,Servicio premium,Cualquiera,120,448648,Cripto,2023-12-08
989,Masculino,El Vato,Masaje,Masculino,30,320958,Tarjeta,2023-08-13
990,Masculino,El Tigre,Servicio premium,Cualquiera,120,146109,Cripto,2023-04-03
991,Masculino,El Papi,Masaje,Masculino,60,259585,Transferencia,2023-05-21
992,Femenino,La Coneja,Baile privado,Masculino,60,178682,Cripto,2023-06-09
993,Femenino,Dulce,Masaje,Masculino,30,222459,Cripto,2023-09-06
994,Femenino,La Chispa,Baile privado,Masculino,60,53967,Transferencia,2023-12-14
995,Masculino,El Duende,Baile privado,Femenino,60,239925,Transferencia,2023-02-08
996,Femenino,Dulce,Acompañamiento,Femenino,45,81829,Tarjeta,2023-05-24
997,Masculino,El Lobo,Acompañamiento,Masculino,60,256571,Cripto,2023-10-06
998,Masculino,El Bravo,Servicio premium,Femenino,60,232105,Transferencia,2023-09-06
999,Femenino,Pecado,Acompañamiento,Masculino,30,91658,Transferencia,2023-04-05
1000,Masculino,El Flaco,Servicio premium,Femenino,120,157233,Efectivo,2023-04-03
